ranking_response,related_searches,full_path,part_path,page_count,about,deep_links,fresh,infection,pages,totalEstimatedMatches,someResultsRemoved,label
10,7,0,1,1,0,0,0,0,10,43300000,1,0
9,8,0,6,6,0,1,0,0,9,818000,0,0
8,8,0,1,1,0,0,0,0,8,32600000,0,0
8,8,0,1,1,1,1,0,0,8,48000,0,0
8,8,0,2,2,1,0,0,0,7,38200000,0,0
8,8,0,1,1,1,0,0,0,8,9100000,1,0
10,0,0,7,7,2,1,0,0,10,81600,1,0
8,8,0,6,6,1,1,0,0,8,221000,0,0
10,0,0,1,1,0,0,0,0,10,57000,1,0
10,8,0,5,5,3,1,0,0,10,6820000,1,0
10,8,0,2,2,1,0,0,0,10,620000,0,0
10,8,1,1,1,0,1,0,0,10,38800,1,0
10,8,0,5,5,2,1,0,0,10,3210000,0,0
10,0,0,2,2,2,1,0,0,10,6470000,0,0
8,5,1,1,1,1,0,0,0,8,79900,1,0
8,8,0,1,1,1,1,0,0,8,7430000,1,0
10,0,0,6,6,0,0,0,0,10,152000,1,0
10,8,0,1,1,1,0,0,0,10,63700000,0,0
10,2,1,10,10,2,1,0,0,10,88,0,0
10,8,0,4,4,2,2,0,0,10,1100000,0,0
8,8,1,2,2,2,1,0,0,8,2420000,0,0
9,8,0,3,3,1,1,0,0,9,859000,0,0
10,8,0,7,7,2,2,0,0,10,37600000,0,0
8,8,0,4,4,4,1,0,0,8,2310000,0,0
10,8,0,2,2,2,1,0,0,10,14200000,0,0
8,8,0,4,4,2,1,0,0,8,15500000,0,0
8,8,0,1,1,1,1,0,0,8,2510000,0,0
10,0,0,5,5,1,1,0,0,10,61300,1,0
8,2,0,1,1,0,0,0,0,8,334000,0,0
10,8,0,9,9,5,1,0,0,10,131000000,0,0
10,8,0,7,7,5,1,0,0,10,23500000,0,0
9,8,0,3,3,2,1,0,0,9,6960000,1,0
8,8,0,4,4,4,1,0,0,8,37800000,0,0
8,8,0,1,1,1,1,0,0,8,464000,0,0
8,8,0,1,1,1,1,0,0,8,168000,0,0
8,8,0,5,5,2,1,0,0,8,15000000,0,0
10,7,0,3,3,0,0,0,0,10,6030000,1,0
9,8,0,9,9,8,1,0,0,9,11800000,0,0
10,8,0,8,8,1,1,0,0,10,4740000,0,0
10,8,0,7,7,1,0,0,0,10,2980000,1,0
9,8,1,2,2,1,1,0,0,9,2050000,0,0
10,0,0,1,1,1,1,0,0,10,19100,0,0
10,3,0,2,2,0,1,0,0,10,650000,0,0
10,0,2,3,3,0,0,0,0,10,81,0,0
8,8,0,1,1,1,1,0,0,8,11100000,0,0
8,8,0,3,3,1,0,0,0,8,634000,0,0
8,8,0,2,2,1,1,0,0,7,212000000,0,0
8,8,0,1,1,0,1,0,0,7,213000000,0,0
8,8,0,2,2,2,1,0,0,7,213000000,0,0
8,8,0,1,1,1,1,0,0,8,10100000,0,0
9,8,0,2,2,0,1,0,0,9,1870000,0,0
8,8,0,2,2,1,1,0,0,8,3550000,0,0
9,8,0,1,1,1,1,0,0,8,7350000,0,0
8,8,0,1,1,0,1,0,0,7,2820000,0,0
11,8,0,0,0,0,0,0,0,10,32200000,0,0
8,8,2,2,2,1,0,0,0,8,15100000,0,0
8,8,0,2,2,0,0,0,0,8,6620000,0,0
10,8,0,7,7,7,1,0,0,10,10400000,0,0
8,8,0,3,3,3,1,0,0,8,170000000,0,0
10,8,1,1,1,0,1,0,0,10,316000,0,0
10,8,0,1,1,0,1,0,0,10,32900,0,0
8,8,0,5,5,4,1,0,0,8,117000000,0,0
8,8,0,2,2,1,0,0,0,8,4520000,0,0
9,8,0,5,5,2,1,0,0,9,178000000,0,0
8,8,0,6,6,2,0,0,0,8,2240000,0,0
8,8,1,2,2,2,1,0,0,8,74400000,1,0
8,8,1,1,1,1,1,0,0,8,1590000,0,0
9,8,0,5,5,2,1,0,0,9,2280000,0,0
9,8,1,2,2,2,1,0,0,9,1780000,0,0
9,8,1,7,7,2,1,0,0,9,488000000,0,0
8,8,2,3,3,2,1,0,0,8,3710000,0,0
8,8,0,1,1,1,1,0,0,8,152000000,0,0
10,8,0,2,2,2,1,0,0,10,11900000,0,0
8,8,0,7,7,6,1,0,0,8,37400000,0,0
8,8,0,0,0,0,0,0,0,8,1360000,0,0
9,8,0,3,3,1,1,0,0,9,14400000,0,0
8,8,0,5,5,1,1,0,0,7,106000000,0,0
9,8,0,6,6,6,1,0,0,9,11500000,0,0
9,8,0,6,6,2,1,0,0,9,9090000,0,0
10,8,2,2,2,0,1,0,0,10,613000,1,0
8,8,0,3,3,0,0,0,0,8,544000,0,0
8,8,0,4,4,4,0,0,0,8,2410000,1,0
10,8,0,3,3,0,1,0,0,10,657000,0,0
8,8,2,2,2,2,1,0,0,8,3960000,0,0
8,8,0,7,7,4,0,0,0,8,53400000,1,0
10,8,0,3,3,0,1,0,0,10,16900000,0,0
10,8,2,2,2,1,2,0,0,10,169000,1,0
8,8,1,4,4,1,1,0,0,8,12300000,0,0
10,8,0,2,2,0,0,0,0,10,67800,0,0
8,8,0,4,4,1,1,0,0,8,5800000,0,0
8,8,1,5,5,2,0,0,0,8,23900,0,0
10,8,0,4,4,3,1,0,0,10,3110000,0,0
10,8,0,5,5,0,0,0,0,10,16400,1,0
10,8,0,6,6,5,1,0,0,10,3260000,0,0
8,8,0,2,2,2,0,0,0,7,163000000,0,0
8,8,0,1,1,1,1,0,0,8,162000000,0,0
8,0,1,1,1,1,1,0,0,8,10600000,0,0
8,8,0,2,2,1,1,0,0,8,2350000,1,0
9,8,0,4,4,3,1,0,0,9,10200000,0,0
10,8,0,7,7,6,1,0,0,10,4430000,1,0
10,8,0,6,6,4,1,0,0,10,364000,0,0
8,0,0,2,2,0,0,0,0,8,118000,1,0
8,8,0,3,3,1,0,0,0,8,4470000,0,0
10,8,0,5,5,0,1,0,0,10,31100,1,0
8,8,0,4,4,2,1,0,0,8,8240000,0,0
9,8,0,8,8,1,1,0,0,9,6840000,0,0
10,8,0,9,9,1,2,0,0,10,186000,0,0
11,8,0,5,5,1,1,0,0,10,1860000,0,0
8,8,0,2,2,1,1,0,0,8,182000000,0,0
10,7,0,2,2,0,1,0,0,10,128000,1,0
9,8,1,2,2,2,1,0,0,9,2380000,1,0
9,8,1,3,3,1,1,0,0,9,2390000,1,0
10,8,0,0,0,0,0,0,0,10,8390,1,0
10,8,0,5,5,0,0,0,0,10,153000,1,0
3,8,0,3,3,2,1,0,0,3,25500000,0,0
10,0,0,8,8,0,1,0,0,10,133000,0,0
9,8,0,3,3,1,1,0,0,9,6090000,0,0
10,8,2,4,4,1,0,0,0,10,786000,0,0
10,8,0,2,2,1,1,0,0,10,944000,1,0
10,8,1,9,9,0,0,0,0,10,4140000,0,0
10,8,0,3,3,0,0,0,0,10,3910000,0,0
8,8,0,2,2,2,1,0,0,8,122000000,0,0
8,8,0,0,0,0,0,0,0,8,198000000,0,0
9,8,0,2,2,2,1,0,0,9,38900000,0,0
9,8,0,7,7,1,1,0,0,9,732000,0,0
10,8,0,1,1,1,0,0,0,10,337000,1,0
9,0,1,9,9,8,1,0,0,9,1170000,0,0
9,8,0,4,4,1,1,0,0,9,155000000,0,0
9,8,0,5,5,5,1,0,0,9,523000,0,0
8,8,0,2,2,2,1,0,0,8,273000000,0,0
10,8,0,1,1,0,0,0,0,10,1450000,0,0
8,8,0,2,2,2,1,0,0,8,7870000,0,0
10,2,0,4,4,0,1,0,0,10,98,1,0
10,8,0,0,0,0,0,0,0,10,132000,0,0
8,8,0,3,3,2,1,0,0,8,970000,1,0
8,8,0,4,4,4,1,0,0,8,6640000,0,0
9,8,0,1,1,1,1,0,0,9,17000000,0,0
10,8,1,8,8,8,2,0,0,10,81000000,0,0
10,0,0,6,6,2,1,0,0,10,1610000,0,0
8,8,1,8,8,4,1,0,0,8,10300000,0,0
9,8,0,4,4,1,1,0,0,9,89700,0,0
10,8,0,2,2,2,1,0,0,10,15200000,0,0
10,8,0,4,4,2,1,0,0,10,2600000,0,0
9,8,0,5,5,4,1,0,0,9,10700000,0,0
8,8,0,1,1,1,1,0,0,8,6590000,0,0
9,8,0,6,6,2,1,0,0,9,9660000,0,0
8,8,0,2,2,2,1,0,0,8,7350000,0,0
9,8,1,8,8,0,1,0,0,9,555000,0,0
9,8,0,3,3,1,1,0,0,9,3140000,0,0
10,8,0,0,0,0,0,0,0,10,347000,0,0
10,8,0,2,2,1,2,0,0,10,16300,0,0
10,8,0,5,5,4,1,0,0,10,121000000,0,0
9,0,1,7,7,2,1,0,0,9,136000000,0,0
8,8,0,2,2,2,1,0,0,8,6920000,0,0
9,8,0,1,1,1,1,0,0,9,20400000,0,0
10,8,0,2,2,1,1,0,0,10,220000000,0,0
8,8,0,5,5,5,1,0,0,8,2120000,1,0
10,3,0,10,10,0,2,0,0,10,777000,1,0
8,8,0,2,2,1,1,0,0,8,4040000,0,0
10,8,0,2,2,0,2,0,0,10,88700,1,0
10,5,1,5,5,0,0,0,0,10,30900,0,0
9,8,0,5,5,4,1,0,0,9,5280000,0,0
10,0,0,5,5,1,2,0,0,10,223000,1,0
10,8,2,2,2,1,2,0,0,10,97,0,0
10,8,0,0,0,0,0,0,0,10,27300,0,0
9,8,0,6,6,5,1,0,0,9,34300000,0,0
10,8,0,4,4,1,1,0,0,10,23800000,0,0
9,8,0,5,5,3,1,0,0,9,2600000,0,0
10,8,0,0,0,0,0,0,0,10,5260000,0,0
8,8,0,1,1,1,1,0,0,8,14900000,0,0
10,5,0,10,10,0,1,0,0,10,11600000,0,0
10,8,0,4,4,2,1,0,0,10,18000000,1,0
10,8,0,5,5,5,1,0,0,10,112000000,0,0
8,8,0,1,1,1,1,0,0,8,308000,0,0
10,4,0,4,4,0,0,0,0,10,1050000,1,0
10,8,1,1,1,0,0,0,0,10,62000,0,0
8,8,2,3,3,1,1,0,0,8,470000,1,0
8,8,2,2,2,1,1,0,0,8,1320000,0,0
8,8,0,5,5,2,1,0,0,8,736000,0,0
10,0,1,1,1,0,0,0,0,10,2000,0,0
8,8,2,2,2,2,0,0,0,8,337000,1,0
8,8,0,7,7,2,1,0,0,8,1580000,0,0
8,8,0,2,2,2,1,0,0,7,76800000,0,0
9,8,0,2,2,2,1,0,0,9,5840000,0,0
9,8,0,5,5,5,1,0,0,9,6910000,0,0
10,8,0,1,1,0,1,0,0,10,463000,1,0
9,8,0,8,8,8,1,0,0,9,18300000,0,0
9,8,0,1,1,1,1,0,0,9,4250000,0,0
8,8,0,4,4,1,1,0,0,8,1860000,0,0
10,8,0,0,0,0,0,0,0,10,11700000,0,0
8,8,0,3,3,3,1,0,0,8,2800000,0,0
10,8,1,4,4,0,0,0,0,10,80000,1,0
10,3,0,9,9,1,2,0,0,10,2360000,0,0
8,8,0,2,2,0,1,0,1,8,1410000,0,0
8,8,1,1,1,1,1,0,0,8,1990000,0,0
10,8,0,1,1,0,1,0,0,10,768000,0,0
8,8,0,1,1,1,1,0,0,7,4230000,0,0
8,8,0,1,1,1,1,0,0,8,339000000,0,0
9,8,1,1,1,0,0,0,0,8,2490000,0,0
9,8,0,8,8,4,1,0,0,9,16000000,0,0
10,0,0,2,2,0,0,0,0,10,75,1,0
9,8,0,4,4,1,1,0,0,9,16500000,0,0
10,8,0,1,1,0,1,0,0,10,324000,1,0
8,8,0,4,4,3,1,0,0,8,154000000,0,0
8,8,0,6,6,5,1,0,0,7,123000000,0,0
10,8,1,3,3,1,0,0,0,10,6300000,0,0
10,8,0,5,5,3,1,0,0,10,2290000,0,0
8,8,0,6,6,6,1,0,0,8,14000000,0,0
8,8,0,5,5,1,1,0,0,8,3610000,0,0
8,8,0,1,1,1,1,0,0,8,118000000,0,0
8,8,0,2,2,1,1,0,0,8,1910000,1,0
10,8,0,0,0,0,0,0,0,10,61100,0,0
8,4,0,0,0,0,0,0,0,8,28900,0,0
9,8,1,2,2,1,1,0,0,9,769000,0,0
8,8,0,4,4,3,1,0,0,8,11600000,0,0
10,8,1,7,7,2,1,0,0,9,1070000,0,0
10,8,0,3,3,1,1,0,0,9,179000000,0,0
8,8,0,3,3,1,0,0,0,7,81800000,0,0
8,8,2,3,3,1,0,0,0,8,91900,0,0
10,8,0,4,4,1,1,0,0,10,1150000,0,0
8,8,0,5,5,0,1,0,0,8,23100000,0,0
8,8,0,6,6,2,0,0,0,8,6000000,0,0
10,0,0,0,0,0,0,0,0,10,3250,0,0
8,7,1,2,2,1,0,0,0,8,53000,0,0
8,8,0,5,5,3,1,0,0,8,1790000,0,0
10,0,0,8,8,0,1,0,0,10,902000,0,0
10,8,0,9,9,3,1,0,0,10,91,1,0
10,8,0,1,1,0,0,0,0,10,1190000,0,0
10,8,0,0,0,0,0,0,0,10,34100,0,0
10,7,1,1,1,0,0,0,1,10,7220,1,0
10,0,0,3,3,0,1,0,0,10,245000,1,0
10,8,0,8,8,1,2,0,0,10,1770000,1,0
9,8,1,2,2,1,1,0,1,9,4770000,1,0
8,2,0,1,1,0,0,0,0,8,161000,1,0
9,3,0,5,5,0,1,0,0,9,272000,1,0
9,8,0,2,2,2,1,0,0,9,26500000,0,0
8,8,1,1,1,1,1,0,0,8,10100000,0,0
10,8,0,2,2,0,1,0,0,10,2330000,0,0
8,8,1,1,1,1,1,0,0,8,2390000,0,0
9,8,0,9,9,8,1,0,0,9,2570000,0,0
10,8,2,2,2,0,0,0,0,10,40600,1,0
8,0,1,2,2,0,1,0,0,8,6930000,0,0
9,8,0,2,2,2,1,0,0,8,243000000,1,0
9,8,0,1,1,1,1,0,0,8,3340000,1,0
10,8,0,9,9,3,1,0,0,10,9220000,0,0
8,8,0,3,3,1,1,0,0,8,2170000,0,0
9,8,0,3,3,2,1,0,0,8,154000000,0,0
10,8,0,2,2,2,1,0,0,9,154000000,0,0
9,8,0,2,2,2,1,0,0,9,154000000,0,0
9,8,0,3,3,1,1,0,0,9,9360000,0,0
8,8,0,4,4,1,1,0,0,8,867000,0,0
8,8,0,2,2,1,1,0,0,8,1530000,0,0
10,8,0,6,6,4,0,0,0,10,92700,1,0
8,8,2,2,2,1,1,0,0,8,236000,0,0
10,8,0,2,2,0,0,0,0,10,211000,0,0
10,8,0,1,1,1,1,0,0,10,10100000,0,0
8,8,2,2,2,0,0,0,0,8,633000,0,0
10,8,2,3,3,2,1,0,0,10,362000,1,0
8,8,0,2,2,1,1,0,0,8,1080000,0,0
10,0,0,2,2,2,1,0,0,10,65,1,0
10,6,0,1,1,1,1,0,0,10,267000,0,0
8,8,0,1,1,1,1,0,0,8,1830000,0,0
8,8,1,4,4,2,1,0,0,8,4230000,0,0
9,8,0,5,5,2,1,0,0,9,10300000,1,0
9,8,0,5,5,1,1,0,0,9,1730000,0,0
8,8,0,5,5,3,1,0,0,8,7570000,0,0
8,8,0,4,4,2,1,0,0,8,402000,0,0
10,8,2,5,5,2,1,0,1,10,1910000,0,0
8,8,1,7,7,3,1,0,0,8,678000,0,0
8,8,0,4,4,2,1,0,0,8,2290000,0,0
9,0,0,1,1,1,1,0,0,9,1810000,0,0
8,8,0,1,1,1,1,0,0,8,140000,1,0
8,8,0,5,5,3,1,0,0,8,48800000,0,0
8,8,0,3,3,3,1,0,0,8,867000,0,0
10,0,0,0,0,0,0,0,1,10,933,0,0
8,8,0,2,2,2,1,0,0,8,31800000,0,0
10,3,0,7,7,0,1,0,0,10,192000,0,0
9,8,1,8,8,4,1,0,0,9,7400000,0,0
10,8,0,1,1,1,1,0,0,10,11700000,1,0
9,8,1,1,1,1,1,0,0,9,6510000,0,0
10,3,0,0,0,0,0,0,0,10,13400,1,0
10,0,1,1,1,0,0,0,0,10,204000,0,0
10,8,0,2,2,2,2,0,0,10,1860000,0,0
10,0,0,1,1,0,0,0,0,10,79100,0,0
9,8,0,1,1,1,1,0,0,9,23500000,0,0
9,8,0,1,1,1,1,0,0,8,169000000,0,0
8,0,1,1,1,0,1,0,0,8,13100000,0,0
10,0,0,0,0,0,0,0,0,10,32,0,0
8,8,0,8,8,2,1,0,0,8,322000000,0,0
10,8,1,1,1,0,1,0,0,10,5810,0,0
9,8,0,1,1,1,1,0,0,9,1620000,0,0
8,7,2,2,2,0,1,0,0,8,38100,0,0
10,8,1,1,1,0,0,0,0,10,567000,0,0
8,0,2,5,5,2,1,0,1,8,74200000,0,0
9,8,0,6,6,5,1,0,0,8,29900000,0,0
10,8,0,1,1,1,1,0,0,10,4810000,1,0
10,0,0,2,2,1,0,0,0,10,1420,1,0
9,8,0,6,6,6,1,0,0,9,23600000,1,0
8,8,1,2,2,2,1,0,0,8,4500000,0,0
10,8,0,9,9,1,1,0,0,10,12300000,0,0
9,8,0,0,0,0,0,0,0,9,70800000,0,0
8,8,1,2,2,0,1,0,0,8,1220000,0,0
9,8,0,2,2,2,1,0,0,9,1860000,1,0
10,8,1,2,2,2,1,0,0,10,2620000,0,0
9,8,0,5,5,1,1,0,0,9,1590000,0,0
8,8,0,2,2,2,1,0,0,8,53700000,1,0
9,8,0,5,5,5,1,0,0,9,12600000,0,0
8,8,0,2,2,1,1,0,0,8,113000,0,0
10,8,1,5,5,0,0,0,0,10,23900,1,0
8,8,0,2,2,2,1,0,0,8,26000000,0,0
10,8,0,0,0,0,0,0,0,10,171000000,1,0
9,8,0,3,3,2,1,0,0,9,7870000,0,0
10,8,0,8,8,2,1,0,0,10,35200000,0,0
9,8,0,1,1,0,1,0,0,9,1520000,1,0
9,8,0,7,7,6,1,0,0,9,2230000,0,0
8,8,0,2,2,0,1,0,0,8,12900000,0,0
10,8,0,10,10,9,1,0,0,10,1480000,0,0
10,8,0,8,8,0,1,0,0,10,8970000,0,0
10,7,0,9,9,0,1,0,0,10,1440000,0,0
9,8,0,2,2,1,1,0,0,9,7570000,0,0
8,8,0,1,1,1,1,0,0,8,243000,0,0
9,8,0,9,9,9,1,0,0,9,2120000,0,0
8,8,0,6,6,0,1,0,0,8,95,0,0
8,8,2,2,2,1,1,0,0,8,26400000,0,0
9,8,1,2,2,1,1,0,0,9,544000,1,0
9,8,1,1,1,1,1,0,0,9,1200000,0,0
9,8,1,3,3,1,1,0,0,9,7160000,0,0
8,8,0,3,3,0,0,0,0,8,578000,0,0
9,8,1,5,5,5,1,0,0,9,41200000,0,0
8,8,0,1,1,1,1,0,0,8,272000,1,0
9,8,1,2,2,2,1,0,0,9,7720000,0,0
9,8,0,2,2,0,1,0,0,9,40600000,0,0
9,8,0,9,9,4,1,0,0,9,15700000,0,0
10,8,0,2,2,2,2,0,0,10,1580000,1,0
9,8,0,8,8,6,1,0,0,9,2210000,0,0
10,8,0,10,10,3,2,0,0,10,389000,0,0
8,8,0,5,5,2,1,0,0,8,11100000,0,0
10,8,1,1,1,1,1,0,0,10,628000000,0,0
8,8,0,2,2,2,1,0,0,8,111000000,0,0
10,8,0,9,9,8,1,0,0,10,19200000,0,0
10,3,0,10,10,1,1,0,0,10,385000,0,0
9,8,0,9,9,1,1,0,0,9,3010000,0,0
8,8,0,1,1,1,1,0,0,8,12300000,0,0
8,8,0,3,3,2,1,0,0,8,2190000,0,0
8,8,0,2,2,2,1,0,0,7,15200000,0,0
8,8,0,1,1,1,1,0,0,8,284000,0,0
8,8,0,1,1,1,1,0,0,7,14900000,0,0
9,8,0,2,2,1,1,0,0,9,3410000,0,0
8,8,0,1,1,1,1,0,0,7,2510000,0,0
8,8,0,2,2,2,1,0,0,8,38700000,0,0
8,8,0,2,2,2,1,0,0,8,13500000,0,0
9,8,0,3,3,1,1,0,0,9,6670000,0,0
8,8,0,2,2,1,0,0,0,8,1450000,0,0
11,8,0,1,1,1,1,0,0,10,646000000,0,0
8,8,0,1,1,1,1,0,0,8,646000000,0,0
8,8,0,1,1,1,1,0,0,7,646000000,0,0
8,8,0,1,1,1,1,0,0,8,646000000,0,0
8,8,0,1,1,1,1,0,0,7,645000000,0,0
10,8,0,3,3,2,1,0,0,10,3560000,0,0
8,8,0,1,1,1,1,0,0,7,646000000,0,0
8,7,0,2,2,1,1,0,0,7,646000000,0,0
8,8,0,1,1,1,1,0,0,7,646000000,0,0
8,8,0,3,3,2,1,0,0,8,433000,0,0
11,8,0,1,1,1,1,0,0,10,646000000,0,0
8,8,0,3,3,2,1,0,0,8,9280000,0,0
8,8,0,1,1,1,1,0,0,7,646000000,0,0
9,8,0,1,1,1,1,0,0,8,645000000,0,0
11,8,0,1,1,0,0,0,0,10,645000000,0,0
8,8,0,3,3,1,1,0,0,8,772000,0,0
8,8,0,4,4,2,1,0,0,8,805000,0,0
8,8,0,1,1,1,1,0,0,7,646000000,0,0
11,8,0,2,2,1,1,0,0,10,615000000,0,0
8,8,0,1,1,1,1,0,0,7,645000000,0,0
9,8,0,8,8,8,1,0,1,8,660000000,0,0
11,8,0,1,1,1,1,0,0,10,646000000,0,0
11,8,0,2,2,1,1,0,0,10,646000000,0,0
8,8,0,1,1,1,1,0,0,8,20800000,0,0
8,8,0,1,1,1,1,0,0,7,646000000,0,0
9,8,0,3,3,2,1,0,0,9,875000,0,0
11,8,0,1,1,1,1,0,0,10,646000000,0,0
8,8,0,2,2,2,1,0,0,8,35200000,0,0
11,8,0,2,2,1,1,0,0,10,645000000,0,0
8,8,0,1,1,1,1,0,0,7,646000000,0,0
8,8,0,2,2,1,1,0,0,8,4020000,0,0
8,8,0,1,1,1,1,0,0,7,645000000,0,0
8,8,0,2,2,1,1,0,0,7,646000000,0,0
8,8,0,1,1,1,0,0,0,7,646000000,0,0
9,8,0,3,3,1,1,0,0,9,5870000,0,0
8,8,0,1,1,1,1,0,0,8,26200000,0,0
9,8,0,2,2,1,1,0,0,9,11100000,0,0
9,8,0,1,1,1,1,0,0,9,590000,0,0
8,8,0,2,2,1,1,0,0,8,14000000,0,0
10,8,0,2,2,2,1,0,0,10,9900000,0,0
9,8,0,1,1,1,1,0,0,9,13600000,0,0
8,8,0,3,3,2,1,0,0,8,5350000,1,0
8,8,0,2,2,1,1,0,0,8,2560000,0,0
8,8,0,3,3,2,1,0,0,8,4500000,0,0
8,8,0,1,1,1,1,0,0,8,9470000,0,0
8,8,0,2,2,1,1,0,0,8,78600,0,0
8,8,0,2,2,2,1,0,0,8,14300000,0,0
8,8,0,2,2,1,1,0,0,8,87900,0,0
8,8,0,3,3,2,1,0,0,8,900000,0,0
8,8,0,3,3,1,1,0,0,8,2160000,0,0
8,8,0,1,1,1,1,0,0,8,14100000,0,0
8,8,0,2,2,1,1,0,0,7,9040000,0,0
8,8,0,2,2,1,1,0,0,8,11900000,0,0
9,8,0,2,2,1,1,0,0,9,11500000,0,0
8,8,0,1,1,1,1,0,0,8,5260000,0,0
8,8,0,4,4,2,1,0,1,8,1200000,0,0
8,8,0,2,2,2,1,0,0,8,4610000,0,0
8,8,0,1,1,1,1,0,0,8,12900000,0,0
9,8,0,3,3,2,1,0,0,9,3020000,0,0
8,8,0,3,3,2,1,0,0,8,192000,0,0
10,8,0,3,3,0,0,0,1,10,1890000,0,0
8,8,1,1,1,1,0,0,0,8,2520000,0,0
8,3,0,2,2,0,0,0,0,8,223000,0,0
9,0,0,1,1,0,1,0,0,9,1690000,0,0
9,8,0,2,2,2,1,0,0,9,2270000,0,0
8,8,0,0,0,0,0,0,0,8,54600,1,0
10,6,0,1,1,1,0,0,0,10,15100,0,0
8,8,0,1,1,1,1,0,0,8,63600000,0,0
9,8,0,3,3,0,1,0,0,9,2590000,0,0
10,8,0,1,1,0,1,0,0,10,2540000,0,0
9,8,2,2,2,1,1,0,0,9,490000,0,0
8,8,0,2,2,0,1,0,0,8,257000,0,0
8,8,0,5,5,4,0,0,0,8,6850000,0,0
10,8,0,7,7,7,2,0,0,10,13900000,0,0
10,2,0,8,8,2,0,0,0,10,2350000,0,0
10,8,1,9,9,1,1,0,0,10,1700000,0,0
10,0,0,3,3,0,2,0,0,10,1480000,0,0
9,8,0,5,5,3,1,0,0,9,3580000,0,0
9,0,0,1,1,0,1,0,0,9,1250000,0,0
9,8,0,1,1,1,1,0,0,9,3650000,0,0
8,8,1,1,1,1,1,0,0,8,133000000,0,0
9,8,0,5,5,5,1,0,0,9,1440000,0,0
10,8,0,1,1,0,1,0,0,10,233000,0,0
9,8,0,3,3,0,1,0,0,9,518000,0,0
8,8,1,4,4,1,0,0,0,8,252000,0,0
8,8,0,6,6,3,1,0,0,8,39100000,0,0
10,8,0,5,5,4,1,0,0,10,16900000,0,0
8,8,0,4,4,4,1,0,0,8,9220000,0,0
8,8,0,6,6,6,1,0,0,7,198000000,0,0
9,0,1,1,1,0,1,0,0,9,310000,0,0
9,8,0,1,1,1,1,0,0,9,1000000,0,0
9,8,0,4,4,2,1,0,0,9,3610000,0,0
8,8,1,8,8,7,1,0,0,8,252000000,0,0
10,6,1,3,3,1,1,0,0,10,4250000,0,0
10,8,0,9,9,1,1,0,0,10,2190000,1,0
9,8,0,7,7,6,1,0,0,9,20700000,0,0
10,8,0,4,4,4,1,0,0,10,3350000,0,0
9,8,0,1,1,1,1,0,0,9,9750000,1,0
10,8,0,1,1,1,1,0,0,10,16400000,0,0
9,8,0,4,4,4,1,0,0,9,1300000,0,0
9,8,0,2,2,0,1,0,0,9,1020000,0,0
8,8,0,2,2,2,1,0,0,8,42000000,0,0
8,8,0,1,1,1,1,0,0,8,321000,0,0
9,8,1,4,4,4,1,0,0,9,4060000,0,0
8,8,0,2,2,2,0,0,0,8,36000000,1,0
8,8,0,4,4,1,0,0,0,8,107000,0,0
8,8,0,6,6,5,1,0,1,7,12600000,0,0
10,8,0,8,8,0,1,0,0,10,5290000,0,0
8,8,0,6,6,6,1,0,0,7,16600000,0,0
8,8,0,4,4,1,0,0,0,8,39800,0,0
8,8,0,4,4,2,1,0,0,8,70200000,0,0
8,8,0,2,2,0,1,0,0,8,446000,1,0
8,8,0,2,2,2,1,0,0,8,67000000,0,0
8,8,1,2,2,1,1,0,0,8,199000000,0,0
10,8,1,2,2,1,1,0,0,10,1000000,0,0
9,8,0,8,8,7,1,0,0,9,112000000,0,0
8,8,0,2,2,1,1,0,0,7,131000000,0,0
8,8,0,4,4,1,1,0,0,8,1930000,1,0
9,8,1,3,3,3,1,0,0,9,1700000,0,0
10,8,0,4,4,4,1,0,0,10,7670000,0,0
10,8,2,3,3,0,1,0,0,10,164000,0,0
8,8,0,3,3,0,1,0,0,8,385000,1,0
10,0,2,3,3,0,2,0,0,10,29900,0,0
8,8,1,1,1,1,0,0,0,8,635000,0,0
8,8,0,3,3,3,1,0,0,7,754000000,0,0
10,8,0,10,10,3,1,0,0,10,1180000,0,0
10,8,0,3,3,3,1,0,0,10,49000000,0,0
9,8,0,4,4,1,1,0,0,9,3450000,0,0
10,8,0,2,2,0,0,0,0,10,233000,0,0
9,8,0,6,6,6,1,0,0,9,6050000,0,0
8,8,0,8,8,7,1,0,0,8,31300000,1,0
10,8,0,2,2,1,1,0,0,10,6510000,1,0
8,8,0,6,6,2,1,0,0,8,7880000,1,0
8,8,0,2,2,2,1,0,0,8,1140000,1,0
8,8,1,3,3,3,1,0,0,8,5680000,1,0
8,8,0,1,1,1,1,0,0,8,4150000,0,0
10,4,0,3,3,0,0,0,0,10,56700,0,0
10,8,0,7,7,3,1,0,0,10,1550000,0,0
8,8,0,4,4,1,0,0,0,7,55700000,0,0
10,0,0,0,0,0,0,0,0,10,4940,1,1
10,0,0,7,7,0,1,0,0,10,2110000,0,0
9,6,0,1,1,1,1,0,0,9,814000,0,0
10,8,0,4,4,1,2,0,0,10,42,0,0
10,0,1,4,4,0,1,0,0,10,716000,1,0
10,5,0,4,4,0,1,0,0,10,2250000,0,0
9,8,0,4,4,3,1,0,1,9,6950000,0,0
8,8,0,2,2,1,0,0,0,8,1670000,0,0
9,8,0,5,5,3,1,0,0,9,20100000,0,0
10,0,0,9,9,1,1,0,0,10,46700,1,0
9,8,1,6,6,3,1,0,0,9,12700000,0,0
8,8,0,3,3,0,1,0,0,8,650000,0,0
10,8,0,2,2,1,1,0,0,9,2160000,0,0
9,8,0,3,3,3,1,0,0,9,24900000,0,0
8,8,0,5,5,5,1,0,0,8,10700000,0,0
9,8,0,2,2,2,1,0,0,8,11000000,0,0
9,8,0,2,2,2,1,0,0,9,2480000,0,0
8,8,1,1,1,0,0,0,0,8,18700,1,0
8,8,0,2,2,1,0,0,0,8,323000,0,0
8,8,2,2,2,0,1,0,0,8,121000,1,0
10,0,0,3,3,1,1,0,0,10,86500,1,0
8,8,0,4,4,1,1,0,0,8,3550000,0,0
8,8,0,4,4,0,0,0,0,8,481000,0,0
8,8,0,4,4,2,0,0,0,8,281000,0,0
10,8,2,5,5,1,1,0,0,10,365000,0,0
8,8,0,5,5,1,1,0,0,8,619000,1,0
9,8,0,1,1,1,1,0,0,9,1460000,1,0
8,8,0,1,1,1,1,0,0,8,628000,0,0
8,8,0,8,8,7,1,0,0,8,3480000,0,0
9,8,0,2,2,0,1,0,0,9,1500000,0,0
8,8,0,4,4,1,1,0,0,8,1280000,1,0
8,8,0,2,2,1,1,0,0,8,1210000,0,0
8,8,0,6,6,4,1,0,0,8,35800000,0,0
8,8,2,2,2,1,1,0,0,8,648000,0,0
10,8,0,6,6,1,1,0,1,10,11100000,0,0
8,8,0,1,1,0,1,0,0,8,327000,0,0
9,8,1,1,1,1,1,0,0,9,6470000,0,0
10,8,0,2,2,1,1,0,0,10,6300000,1,0
9,8,0,2,2,1,1,0,0,9,54200,0,0
8,8,2,8,8,4,1,0,0,8,2250000,0,0
9,8,0,8,8,8,1,0,0,9,148000000,0,0
10,8,2,2,2,0,2,0,0,10,330000,1,0
8,8,0,3,3,1,1,0,0,8,616000,0,0
10,8,0,0,0,0,0,0,0,10,4050000,0,0
10,8,1,3,3,0,0,0,0,10,197000,0,0
8,8,0,5,5,3,1,0,0,8,380000000,1,0
8,4,0,6,6,1,0,0,0,8,10500000,0,0
8,6,0,0,0,0,0,0,0,8,69,0,0
8,0,0,4,4,0,1,0,0,8,2220000,1,0
9,8,0,4,4,1,1,0,0,9,15200000,0,0
9,8,0,1,1,0,1,0,0,8,3990000,0,0
10,8,1,1,1,0,0,0,0,10,37400,1,0
10,6,0,5,5,1,2,0,0,10,2130000,0,0
10,0,0,4,4,1,2,0,0,10,254000,0,0
8,8,0,4,4,4,1,0,0,8,19400000,0,0
8,8,1,6,6,4,0,0,0,8,10100000,0,0
8,8,1,4,4,4,1,0,0,8,8850000,0,0
10,0,0,9,9,0,2,0,0,10,267000,0,0
8,8,0,5,5,2,0,0,0,8,1050000,0,0
8,8,0,2,2,1,1,0,0,8,50900000,0,0
8,8,0,3,3,3,1,0,0,8,8890000,0,0
9,8,0,7,7,4,1,0,0,9,63500000,0,0
8,8,0,6,6,5,0,0,0,8,607000,0,0
9,8,0,7,7,7,1,0,0,9,1980000,0,0
10,3,2,2,2,1,0,0,0,10,472000,0,0
10,8,0,8,8,2,1,0,0,10,1850000,0,0
9,8,0,2,2,1,1,0,0,9,12200000,0,0
8,8,1,2,2,1,1,0,0,8,10400000,0,0
10,8,0,1,1,1,1,0,0,10,10700000,1,0
10,8,0,0,0,0,0,0,0,10,12800,1,0
8,8,0,4,4,0,1,0,0,8,884000,0,0
9,8,0,4,4,1,1,0,0,9,9380000,0,0
10,8,0,7,7,0,1,0,0,10,4710000,0,0
10,8,0,3,3,1,1,0,0,10,1320000,0,0
9,8,0,7,7,1,1,0,0,9,2840000,0,0
9,8,0,2,2,1,1,0,0,9,969000,0,0
8,8,0,1,1,1,1,0,0,8,2290000,1,0
8,8,0,2,2,2,1,0,0,7,14000000,1,0
9,8,0,1,1,1,1,0,0,9,44500000,0,0
10,8,0,2,2,0,1,0,0,10,843000,0,0
10,8,0,2,2,0,1,0,0,10,422000,1,0
8,8,0,5,5,3,1,0,1,8,2280000,1,0
9,8,0,5,5,2,1,0,0,9,290000000,0,0
9,8,0,7,7,3,1,0,0,9,48400000,0,0
9,8,0,1,1,0,1,0,0,9,4360000,1,0
8,0,0,6,6,0,1,0,0,8,118000,0,0
8,8,0,1,1,1,1,0,0,8,968000,0,0
10,8,0,3,3,0,0,0,0,10,114000,0,0
10,8,0,6,6,5,1,0,0,10,56300000,0,0
8,8,0,4,4,2,1,0,0,7,39400000,0,0
10,8,0,0,0,0,0,0,0,10,95200,0,0
9,8,0,3,3,1,1,0,0,9,9330000,0,0
8,8,0,1,1,0,1,0,0,8,588000,0,0
10,8,0,3,3,0,1,0,0,10,152000,0,0
9,8,0,5,5,3,1,0,0,9,1620000,1,0
10,8,0,3,3,0,1,0,0,10,1760000,1,0
8,8,0,6,6,5,1,0,0,7,14700000,0,0
8,8,0,1,1,0,0,0,0,8,2110000,1,0
8,8,0,5,5,2,1,0,0,8,16500000,0,0
9,8,0,8,8,8,1,0,0,8,20100000,0,0
9,8,0,2,2,2,1,0,0,9,120000000,0,0
9,8,1,1,1,0,1,0,0,9,2570000,0,0
8,8,0,3,3,0,0,0,0,8,69,0,0
10,8,0,5,5,0,1,0,0,10,3020000,0,0
9,0,0,5,5,1,1,0,0,9,2610000,0,0
9,8,0,4,4,0,1,0,0,9,684000,0,0
10,8,0,5,5,0,0,0,1,10,8770000,0,0
10,8,0,3,3,0,1,0,1,10,7390000,0,0
8,8,0,3,3,2,1,0,0,8,444000,0,0
10,8,0,2,2,1,2,0,0,10,526000,0,0
8,6,0,2,2,0,0,0,0,8,576000,1,0
8,0,2,2,2,0,0,0,0,8,499000,0,0
8,8,2,2,2,0,0,0,0,8,3310000,0,0
8,8,0,1,1,1,1,0,0,8,143000000,0,0
8,8,0,2,2,2,1,0,0,8,1590000,0,0
9,8,0,6,6,1,1,0,0,9,58700000,0,0
8,8,0,1,1,1,1,0,0,8,1290000,0,0
9,8,0,1,1,1,1,0,0,9,6360000,0,0
8,8,0,6,6,3,1,0,0,8,5010000,0,0
9,8,0,5,5,5,1,0,0,9,96800000,0,0
8,8,0,3,3,3,1,0,0,8,5900000,0,0
8,8,0,3,3,1,1,0,0,8,444000000,0,0
10,0,1,1,1,0,0,0,0,10,35900,1,0
10,0,0,0,0,0,0,0,0,10,95,0,0
10,0,0,0,0,0,0,0,0,10,22500,0,0
10,2,0,0,0,0,0,0,0,10,14600,0,0
9,8,0,5,5,2,1,0,0,9,1050000,0,0
10,8,0,3,3,2,1,0,0,10,73800000,0,0
10,8,0,0,0,0,0,0,0,10,97,1,0
8,0,1,1,1,0,1,0,0,8,1260000,1,0
8,8,0,6,6,2,0,0,0,8,91,0,0
10,8,1,1,1,0,0,0,0,10,2510,1,0
10,8,0,9,9,1,1,0,0,10,80,0,0
10,8,0,6,6,6,1,0,0,10,12900000,0,0
8,8,0,5,5,4,1,0,0,8,91000000,0,0
11,8,0,5,5,2,1,0,0,10,8040000,0,0
8,8,0,2,2,1,0,0,0,8,519000,0,0
8,8,0,3,3,3,1,0,0,7,15700000,1,0
8,8,0,8,8,8,1,0,2,8,44100000,0,0
8,8,0,2,2,2,0,0,0,8,1150000,0,0
8,8,0,2,2,1,1,0,0,8,13100000,0,0
10,5,0,1,1,0,1,0,0,10,102000,0,0
8,8,0,3,3,3,1,0,0,8,19600000,0,0
10,8,1,3,3,0,0,0,0,10,13500,1,0
10,8,2,2,2,0,0,0,0,10,131000,1,0
9,8,1,1,1,1,1,0,0,9,4820000,0,0
8,8,0,3,3,3,1,0,0,8,12200000,1,0
10,8,0,4,4,2,2,0,0,10,16800000,0,0
10,0,0,6,6,0,1,0,0,10,2020000,0,0
9,8,0,6,6,1,1,0,0,9,461000000,0,0
9,8,0,1,1,1,0,0,0,9,11600000,0,0
8,8,0,2,2,1,0,0,0,8,2000000,0,0
10,8,1,3,3,0,1,0,0,10,1100000,0,0
10,8,0,8,8,0,1,0,0,10,1780000,1,0
6,8,0,1,1,1,1,0,0,5,2410000,0,0
10,8,0,0,0,0,0,0,0,10,59100,1,0
10,8,0,8,8,0,1,0,0,10,23300000,0,0
9,8,0,2,2,0,1,0,0,9,1170000,0,0
8,8,0,1,1,0,0,0,0,8,460000,0,0
9,8,0,7,7,3,1,0,1,9,9700000,0,0
10,8,0,9,9,8,1,0,1,10,232000,0,0
9,8,0,1,1,0,1,0,0,9,1960000,0,0
9,8,0,7,7,1,1,0,0,9,884000,0,0
8,8,2,2,2,0,1,0,0,8,10700000,0,0
9,8,0,7,7,4,1,0,0,9,50600000,0,0
9,8,0,5,5,2,1,0,0,9,16100000,0,0
10,0,0,7,7,0,1,0,0,10,1060000,0,0
8,8,0,1,1,0,1,0,0,8,2840000,0,0
10,8,0,1,1,0,1,0,0,10,635000,1,0
8,8,0,2,2,0,1,0,0,8,460000,1,0
10,8,0,0,0,0,0,0,0,10,278000,1,0
10,8,0,4,4,3,2,0,0,10,2790000,0,0
8,8,2,8,8,4,1,0,0,8,964000,0,0
10,8,1,2,2,0,0,0,0,10,88800,1,0
8,8,0,3,3,1,1,0,0,8,11800000,0,0
8,8,0,1,1,1,1,0,0,8,30100000,0,0
9,8,1,2,2,1,1,0,0,9,7610000,0,0
10,8,2,2,2,2,2,0,0,10,96900000,0,0
9,8,0,2,2,2,1,0,0,9,9910000,0,0
10,8,0,2,2,0,0,0,0,10,374000,0,0
8,3,0,3,3,3,1,0,0,7,87600000,0,0
9,8,1,3,3,3,1,0,0,9,4080000,0,0
8,8,1,4,4,2,1,0,0,8,227000,0,0
8,8,0,6,6,1,0,0,0,8,635000,0,0
8,8,0,2,2,2,1,0,0,8,311000000,1,0
10,0,0,2,2,0,0,0,0,10,10200,0,0
9,8,0,2,2,1,1,0,0,9,15800000,0,0
10,5,0,1,1,0,0,0,0,10,86900,0,0
10,8,0,0,0,0,0,0,0,10,1720000,1,0
8,8,0,2,2,2,1,0,0,8,131000000,0,0
8,8,2,2,2,1,1,0,0,8,4170000,1,0
8,8,0,4,4,2,0,0,0,8,3640000,1,0
10,5,0,7,7,1,1,0,0,10,3280000,0,0
10,8,0,7,7,5,1,0,0,10,26200000,1,0
9,8,0,5,5,1,1,0,0,9,1380000,0,0
8,8,0,1,1,1,1,0,0,8,14600000,0,0
10,8,0,3,3,0,2,0,0,10,81900,1,0
10,6,2,3,3,1,1,0,0,10,44900,0,0
10,0,0,2,2,1,1,0,0,10,211000000,1,0
8,0,2,4,4,0,0,0,0,8,1140000,0,0
9,0,0,1,1,0,1,0,0,9,7570000,0,0
8,0,0,5,5,4,1,0,0,7,37600000,0,0
9,0,0,1,1,0,1,0,0,9,1690000,0,0
8,0,1,1,1,0,1,0,0,8,965000,0,0
9,8,0,8,8,1,1,0,0,9,1340000,0,0
10,8,1,3,3,2,1,0,0,10,16000000,0,0
10,8,0,2,2,1,2,0,0,10,3550000,1,0
9,8,1,1,1,0,1,0,0,9,397000,0,0
8,8,0,2,2,2,1,0,0,8,704000,0,0
10,8,0,7,7,1,1,0,0,10,158000,0,0
9,8,0,3,3,1,1,0,0,9,464000,0,0
10,8,0,2,2,0,0,0,0,10,74200,1,0
8,8,2,2,2,1,1,0,0,8,440000,0,0
10,8,0,3,3,3,1,0,0,10,13800000,0,0
10,8,0,9,9,3,1,0,0,10,164000000,0,0
5,8,0,2,2,2,1,0,0,5,1380000,0,0
10,8,1,1,1,0,0,0,0,10,19900,0,0
9,8,1,1,1,1,1,0,0,9,51600000,0,0
9,8,0,6,6,6,1,0,0,9,15200000,0,0
8,8,0,3,3,1,0,0,0,7,26600000,0,0
8,8,0,8,8,1,1,0,0,8,1350000,0,0
10,8,2,3,3,0,2,0,0,10,1010000,0,0
8,8,2,2,2,2,1,0,0,8,422000,1,0
10,0,2,2,2,0,0,0,0,10,66,1,0
8,8,0,3,3,1,0,0,0,8,396000,0,0
10,8,1,1,1,0,1,0,0,10,17200,0,0
8,5,0,5,5,0,1,0,0,8,2830000,0,0
10,8,1,1,1,0,0,0,0,10,14100000,0,0
8,8,0,1,1,1,1,0,0,7,126000000,0,0
8,8,0,2,2,2,1,0,0,8,5350000,0,0
9,8,0,6,6,3,1,0,0,9,2460000,0,0
10,8,0,9,9,0,2,0,0,10,489000,0,0
9,0,0,3,3,3,1,0,0,9,15600000,0,0
8,8,0,5,5,3,1,0,0,8,5250000,0,0
8,8,0,4,4,3,1,0,0,8,5010000,0,0
9,8,0,9,9,8,1,0,0,9,20800000,0,0
10,8,0,9,9,2,1,0,0,10,2170000,0,0
9,8,1,1,1,1,1,0,0,9,313000,0,0
10,0,1,3,3,0,0,0,0,10,6520,1,0
9,8,0,3,3,3,1,0,0,9,24400000,0,0
8,8,0,4,4,4,1,0,0,8,6500000,0,0
10,0,1,1,1,0,0,0,0,10,15500,0,0
9,8,0,5,5,5,1,0,0,9,130000000,0,0
10,7,0,9,9,1,2,0,0,10,88,0,0
9,8,0,6,6,0,1,0,0,9,97,1,0
10,4,1,3,3,2,0,0,0,10,101000,1,0
8,8,1,3,3,0,0,0,0,8,88500,1,0
9,8,1,2,2,0,0,0,0,9,2010000,1,0
8,8,2,2,2,1,0,0,0,8,922000,0,0
10,0,0,0,0,0,0,0,0,10,8390,1,0
8,0,1,1,1,0,1,0,0,8,196000,0,0
9,8,0,2,2,1,1,0,0,9,4820000,0,0
9,8,0,5,5,2,1,0,0,9,17400000,0,0
8,8,0,6,6,4,1,0,0,8,136000000,0,0
9,8,0,6,6,2,1,0,0,9,2700000,1,0
9,8,0,1,1,1,1,0,0,9,1250000,1,0
8,8,0,5,5,4,1,0,0,8,110000,0,0
8,8,0,3,3,1,0,0,0,8,193000,1,0
10,8,1,1,1,1,0,0,0,10,46400,0,0
9,8,0,1,1,1,1,0,0,9,4890000,0,0
10,8,1,4,4,0,1,0,0,10,1000000,0,0
8,8,0,4,4,4,1,0,0,8,10900000,0,0
9,8,1,2,2,1,1,0,0,9,325000,1,0
8,8,1,1,1,0,1,0,0,8,160000,0,0
8,8,0,0,0,0,0,0,0,8,8,0,0
8,8,0,5,5,0,1,0,0,8,264000,1,0
8,8,2,5,5,1,0,0,0,8,620000,0,0
10,8,0,1,1,1,1,0,0,10,9470000,0,0
10,0,0,1,1,1,1,0,0,10,236000000,0,0
10,8,0,8,8,1,1,0,0,10,11300000,0,0
8,6,2,6,6,0,0,0,0,8,13800,0,0
8,8,0,8,8,7,1,0,7,8,1350000,1,0
10,8,0,7,7,5,1,0,0,10,15800000,1,0
9,8,0,3,3,1,1,0,1,9,11800000,0,0
10,7,1,1,1,0,1,0,0,10,179000,0,0
10,8,1,1,1,0,0,0,0,10,578000,0,0
9,8,0,7,7,1,1,0,0,8,49900000,0,0
10,8,0,9,9,1,1,0,0,10,303000,0,0
8,8,2,4,4,0,0,0,0,8,194000,1,0
8,8,0,2,2,2,1,0,0,8,1580000,0,0
10,8,0,5,5,3,1,0,0,10,53300000,0,0
9,8,1,2,2,1,1,0,0,9,13100000,0,0
8,8,1,1,1,1,1,0,0,8,1890000,1,0
9,8,0,3,3,2,1,0,0,9,1770000,0,0
8,8,1,1,1,1,1,0,0,8,1640000,1,0
8,5,0,8,8,1,0,0,0,8,2390000,0,0
10,8,0,2,2,2,1,0,0,10,276000000,0,0
10,0,0,4,4,0,0,0,0,10,9250,1,0
9,8,0,4,4,4,1,0,0,9,9150000,0,0
8,8,0,6,6,3,0,0,0,8,11000000,0,0
8,8,0,8,8,2,0,0,0,8,8080000,0,0
10,8,1,1,1,1,0,0,0,10,3590000,1,0
9,8,1,3,3,3,1,0,0,9,24100000,0,0
10,8,0,6,6,2,1,0,0,10,11900000,0,0
8,8,1,3,3,1,1,0,0,8,7640000,0,0
8,8,0,3,3,3,1,0,0,8,118000000,1,0
9,0,1,8,8,8,1,0,0,9,4770000,0,0
8,8,0,2,2,2,1,0,0,8,4100000,0,0
8,8,0,1,1,1,1,0,0,8,2600000,1,0
9,8,0,1,1,1,1,0,0,9,508000,1,0
9,8,0,2,2,2,1,0,0,9,35800000,0,0
10,0,1,1,1,0,0,0,0,10,9780,0,0
8,8,0,4,4,2,1,0,0,8,16900000,0,0
9,8,1,9,9,7,1,0,2,9,1010000,0,0
10,8,0,6,6,6,1,0,0,10,16900000,0,0
8,8,1,1,1,1,0,0,0,8,748000,1,0
10,8,1,7,7,4,1,0,0,9,1590000,0,0
9,8,1,6,6,6,1,0,0,9,4140000,0,0
10,8,0,6,6,6,2,0,0,10,13200000,0,0
10,8,0,5,5,4,1,0,0,10,30800000,0,0
8,8,1,1,1,1,1,0,0,8,2240000,0,0
9,8,0,6,6,1,1,0,0,9,5140000,0,0
8,8,0,4,4,1,0,0,0,8,4610000,1,0
10,0,2,2,2,0,1,0,0,10,128000,0,0
9,8,1,1,1,1,1,0,0,9,217000000,0,0
10,8,0,2,2,1,1,0,0,10,2640000,0,0
9,8,0,2,2,1,1,0,0,9,6980000,0,0
10,8,1,1,1,0,0,0,0,10,40100,1,0
8,8,2,4,4,1,1,0,0,8,1820000,0,0
10,8,2,2,2,0,2,0,0,10,2140000,0,0
9,8,0,8,8,5,1,0,0,9,5710000,0,0
8,8,0,5,5,0,1,0,1,8,6700000,0,0
10,8,1,1,1,0,0,0,0,10,867000000,0,0
9,8,1,4,4,1,1,0,0,9,8750000,1,0
9,8,0,5,5,4,1,0,0,9,5790000,0,0
10,8,0,8,8,3,1,0,0,10,2760000,0,0
10,8,2,2,2,0,0,0,0,10,25000,1,0
10,8,0,6,6,3,1,0,0,10,3690000,0,0
8,8,0,5,5,2,1,0,0,8,44900000,0,0
8,0,0,3,3,0,0,0,0,8,48900,0,0
10,8,0,4,4,4,1,0,0,10,142000000,0,0
8,8,0,1,1,1,1,0,0,8,824000,0,0
11,8,0,4,4,2,2,0,0,10,86000000,0,0
8,8,2,3,3,3,1,0,0,8,8760000,0,0
9,8,0,1,1,1,1,0,0,9,2330000,1,0
10,8,1,3,3,2,1,0,0,10,12800000,0,0
8,8,0,1,1,1,1,0,0,7,19700000,0,0
9,8,0,1,1,1,0,0,0,9,214000,0,0
10,8,0,9,9,4,2,0,0,10,70200000,0,0
11,8,0,4,4,4,2,0,0,10,7890000,0,0
8,5,1,3,3,1,1,0,0,8,1650000,0,0
8,3,0,3,3,0,1,0,0,8,48700,1,0
9,8,0,2,2,2,1,0,0,9,6770000,1,0
10,8,0,9,9,9,1,0,0,10,3570000,0,0
9,8,0,2,2,2,1,0,0,9,7350000,0,0
9,8,1,1,1,1,1,0,0,9,878000,1,0
9,8,1,2,2,2,1,0,0,8,2420000,0,0
8,8,1,1,1,0,0,0,0,8,2240000,0,0
9,8,0,1,1,0,1,0,0,9,30200000,0,0
8,8,0,1,1,0,0,0,0,8,567000,0,0
9,8,0,2,2,2,1,0,0,9,3700000,0,0
8,5,0,6,6,2,1,0,0,8,1850000,0,0
9,8,0,1,1,1,1,0,0,9,17600000,0,0
9,8,1,1,1,1,1,0,0,9,428000000,1,0
8,8,0,3,3,2,1,0,0,8,3280000,1,0
10,4,1,9,9,1,1,0,0,10,11600000,0,0
8,8,0,4,4,2,0,0,0,8,9980000,0,0
10,8,1,8,8,1,1,0,0,10,67600,0,0
8,8,0,1,1,1,1,0,0,8,1400000,0,0
10,8,0,0,0,0,0,0,0,10,22000,0,0
8,8,2,2,2,1,1,0,0,8,539000,1,0
8,8,0,6,6,1,0,0,0,8,1800000,0,0
9,8,0,9,9,9,1,0,0,9,2330000,0,0
8,8,2,3,3,3,1,0,0,8,11600000,1,0
10,8,0,3,3,1,1,0,0,10,801000,0,0
9,8,0,2,2,2,1,0,0,9,132000000,0,0
10,8,0,8,8,8,1,0,0,10,6830000,1,0
9,0,0,2,2,2,1,0,0,9,8670000,1,0
8,8,0,4,4,4,1,0,0,8,157000000,1,0
8,8,0,2,2,1,1,0,0,8,1060000,0,0
8,7,0,3,3,2,1,0,0,8,2460000,0,0
8,8,0,5,5,3,0,0,0,8,1000000,0,0
10,8,0,1,1,0,0,0,0,10,2510000,0,0
8,8,0,5,5,3,1,0,0,8,16300000,0,0
10,8,1,8,8,7,1,0,0,10,265000000,0,0
9,0,0,2,2,0,1,0,0,9,23300000,1,0
8,8,0,4,4,2,1,0,0,8,3700000,0,0
9,8,1,3,3,0,1,0,0,9,7320000,0,0
8,8,0,3,3,0,0,0,0,8,627000,0,0
8,8,0,4,4,4,1,0,0,8,96,0,0
8,8,0,0,0,0,0,0,0,8,159000000,0,0
8,8,1,3,3,0,1,0,0,8,32200,1,0
9,8,1,6,6,1,1,0,0,9,8610000,1,0
10,0,0,0,0,0,0,0,0,10,11300,1,0
8,8,0,6,6,2,1,0,0,8,11600000,0,0
10,8,2,2,2,1,1,0,0,10,1240000,0,0
10,0,2,2,2,1,2,0,0,10,1540000,1,0
8,8,0,3,3,3,1,0,0,8,126000000,1,0
9,8,2,3,3,0,1,0,0,9,1690000,1,0
10,8,0,10,10,5,1,0,0,10,1470000,0,0
9,8,0,3,3,2,1,0,0,9,3480000,0,0
8,8,0,2,2,1,1,0,0,8,7060000,0,0
8,8,0,2,2,1,0,0,0,8,365000,0,0
9,8,0,5,5,5,1,0,0,9,7340000,0,0
10,5,0,1,1,0,0,0,0,10,89600,0,0
10,8,0,8,8,5,1,0,0,10,22100000,0,0
10,8,0,5,5,3,1,0,0,10,13200000,1,0
10,0,0,6,6,1,1,0,0,10,30900,0,0
9,7,0,3,3,0,1,0,0,9,760000,0,0
10,0,0,0,0,0,0,0,0,10,1940,0,0
9,8,0,1,1,1,1,0,0,9,398000,0,0
10,7,1,1,1,0,1,0,0,10,10800000,0,0
8,8,0,3,3,1,0,0,0,8,492000,0,0
9,8,0,5,5,5,1,0,0,9,10100000,0,0
8,8,0,2,2,1,1,0,0,8,265000,0,0
10,8,0,4,4,3,1,0,0,10,90000000,0,0
10,0,0,2,2,1,1,0,0,10,33300000,0,0
8,8,1,3,3,2,1,0,0,8,50800000,0,0
10,8,0,0,0,0,0,0,0,10,14400,0,0
8,8,0,3,3,2,0,0,0,8,7910000,0,0
11,8,0,2,2,1,1,0,0,10,63000000,0,0
8,8,2,2,2,2,1,0,0,8,46400000,0,0
10,0,0,0,0,0,0,0,0,10,89,0,0
10,8,1,9,9,2,1,0,0,10,1960000,1,0
8,8,0,2,2,1,1,0,0,8,1010000,0,0
8,8,0,1,1,1,1,0,0,8,14300000,0,0
8,0,0,2,2,1,1,0,0,8,3060000,0,0
9,8,1,4,4,2,1,0,0,9,80600,0,0
9,8,0,2,2,0,1,0,0,9,1440000,1,0
9,8,0,1,1,1,1,0,0,9,4550000,1,0
8,8,0,5,5,5,1,0,0,8,134000000,0,0
9,8,1,2,2,2,1,0,0,9,479000,0,0
9,8,0,4,4,3,1,0,0,9,9630000,0,0
9,8,0,3,3,3,1,0,0,9,5470000,0,0
8,8,0,2,2,2,1,0,0,8,11000000,0,0
9,8,1,1,1,1,1,0,0,8,191000000,0,0
8,8,2,6,6,0,1,0,0,8,15900000,0,0
10,0,0,0,0,0,0,0,0,10,6950,0,0
10,8,0,4,4,3,1,0,0,10,9130000,0,0
10,3,0,5,5,1,1,0,0,10,645000,0,0
10,8,0,5,5,2,1,0,0,10,11300000,0,0
9,8,0,4,4,3,1,0,0,9,30200000,0,0
10,8,1,3,3,0,0,0,0,10,547000,0,0
8,8,0,5,5,3,1,0,0,8,17300000,0,0
9,8,0,4,4,4,1,0,0,9,10900000,0,0
9,8,0,1,1,1,1,0,0,9,386000,0,0
8,8,2,3,3,2,1,0,0,8,1620000,0,0
10,8,0,3,3,2,1,0,0,10,90000000,1,0
10,8,0,8,8,5,1,0,0,10,19800000,0,0
8,8,0,6,6,6,1,0,0,8,10500000,0,0
8,8,0,4,4,2,1,0,0,8,24900000,0,0
9,8,0,8,8,7,1,0,0,9,35600000,0,0
10,8,0,9,9,5,1,0,0,10,70,0,0
8,2,0,2,2,1,0,0,0,8,125000,0,0
9,8,0,3,3,2,1,0,0,9,19300000,0,0
8,8,0,3,3,1,1,0,0,8,122000000,0,0
8,8,0,7,7,7,1,0,0,8,23300000,0,0
10,8,0,6,6,0,0,0,0,10,13200000,0,0
10,8,0,8,8,4,1,0,0,10,1970000,1,0
8,8,2,4,4,4,1,0,0,8,145000000,0,0
8,8,2,5,5,5,1,0,1,8,23100000,0,0
10,8,0,3,3,1,1,0,0,10,6970000,1,0
9,8,1,1,1,1,1,0,0,9,3930000,0,0
9,8,0,8,8,7,1,0,0,9,9530000,0,0
10,8,0,0,0,0,0,0,0,10,97900000,0,0
8,8,0,5,5,1,1,0,2,8,5740000,0,0
8,8,0,6,6,4,1,0,0,8,16200000,0,0
8,8,0,3,3,0,1,0,0,8,1540000,0,0
8,8,0,3,3,1,1,0,0,8,2890000,1,0
10,8,2,2,2,2,2,0,0,10,4620000,1,0
9,8,0,3,3,2,1,0,0,9,2300000,0,0
10,8,0,2,2,2,1,0,0,10,66000000,0,0
8,8,0,4,4,1,1,0,0,8,18900000,0,0
9,0,1,8,8,5,1,0,0,9,25300000,0,0
9,0,1,9,9,0,1,0,0,9,307000,0,0
8,8,0,4,4,1,0,0,0,8,4860000,0,0
8,8,0,0,0,0,0,0,0,8,10100000,0,0
8,8,1,4,4,3,0,0,0,8,5210000,0,0
8,0,0,3,3,1,1,0,0,8,22900000,1,0
9,0,0,1,1,1,1,0,0,9,4820000,1,0
9,0,0,2,2,1,1,0,0,9,36200000,0,0
8,8,0,5,5,0,1,0,0,8,9360000,0,0
10,8,0,0,0,0,0,0,0,10,6180,1,0
8,8,0,5,5,4,0,0,0,7,185000000,0,0
10,8,0,10,10,10,1,0,0,10,122000000,0,0
8,8,1,3,3,0,0,0,0,8,246000,1,0
8,8,0,1,1,0,1,0,0,8,9580000,0,0
8,8,0,3,3,0,0,0,0,8,246000,0,0
8,8,0,5,5,2,0,0,0,8,7520000,0,0
10,8,2,2,2,0,0,0,0,10,11400,1,0
8,2,0,2,2,0,1,0,0,8,576000,0,0
8,8,0,3,3,3,1,0,0,8,97600000,0,0
10,8,0,1,1,1,1,0,0,10,131000,0,0
8,8,0,7,7,1,0,0,0,8,2070000,0,0
8,0,0,4,4,2,1,0,0,8,9190000,1,0
8,8,0,6,6,1,0,0,0,8,11100000,0,0
8,8,0,1,1,1,0,0,0,8,385000,0,0
9,0,0,6,6,5,1,0,0,9,14800000,0,0
9,0,1,1,1,0,1,0,0,9,318000,1,0
10,3,0,9,9,0,2,0,0,10,398000,0,0
8,8,0,4,4,4,1,0,0,8,221000000,1,0
10,8,0,1,1,0,0,0,0,10,665000,0,0
9,8,1,1,1,0,1,0,0,9,1200000,1,0
8,8,0,2,2,1,0,0,0,8,26800000,0,0
8,8,0,6,6,1,1,0,0,8,1440000,0,0
9,8,0,5,5,2,1,0,0,9,12100000,0,0
10,2,0,3,3,0,2,0,0,10,25800,0,0
10,8,0,9,9,2,1,0,0,10,3970000,0,0
9,8,0,6,6,0,1,0,0,9,289000,1,0
8,8,0,5,5,1,0,0,0,8,97,1,0
10,8,0,2,2,1,1,0,0,10,34600000,0,0
8,8,0,6,6,1,1,0,0,8,232000,0,0
9,8,0,3,3,0,1,0,0,9,5960000,0,0
8,0,1,1,1,0,0,0,0,8,2770000,0,0
8,8,0,5,5,1,1,0,0,8,5250000,0,0
10,0,0,7,7,0,1,0,0,10,3220000,0,0
10,8,1,5,5,1,1,0,0,10,746000,1,0
8,7,0,1,1,1,1,0,0,8,173000,0,0
10,0,0,0,0,0,0,0,0,10,49,0,1
2,8,0,0,0,0,0,0,0,2,2,0,1
10,0,0,1,1,0,0,0,1,10,1500,1,1
10,0,1,1,1,0,0,0,0,10,11,1,1
10,0,2,2,2,0,0,0,0,10,11,0,1
1,0,0,0,0,0,0,0,1,1,1,0,1
10,8,2,2,2,0,1,0,0,10,5130,0,1
10,0,2,2,2,0,1,0,0,10,5070,1,1
1,8,0,0,0,0,0,0,0,1,1,0,1
10,0,2,2,2,0,1,0,0,10,63,1,1
10,0,0,1,1,0,0,0,0,10,7020,0,1
10,8,0,0,0,0,0,0,0,10,18,0,1
4,0,2,2,2,0,0,0,0,4,4,0,1
10,8,2,2,2,1,1,0,0,10,34,0,1
10,8,2,4,4,0,1,0,1,10,2600,1,1
10,8,0,0,0,0,0,0,0,10,2110,0,1
10,8,0,0,0,0,0,0,0,10,147000,0,1
6,0,0,0,0,0,0,0,0,6,6,0,1
10,0,0,0,0,0,0,0,0,10,12,0,1
10,0,1,1,1,0,0,0,0,10,12,0,1
2,0,0,0,0,0,0,0,0,2,2,0,1
0,0,0,0,0,0,0,0,0,0,0,0,1
10,0,0,2,2,0,0,0,0,10,80,1,1
10,0,2,2,2,1,0,0,0,10,1350,0,1
10,0,0,0,0,0,0,0,0,10,11,0,1
10,0,1,2,2,0,0,0,0,10,48,1,1
10,0,0,2,2,1,1,0,0,10,29900,0,1
10,0,0,0,0,0,0,0,0,10,39,0,1
10,8,0,1,1,0,0,0,0,10,421000,0,1
10,8,1,1,1,0,0,0,0,10,3370,0,1
10,8,0,0,0,0,0,0,1,10,258,0,1
10,8,0,0,0,0,0,0,1,10,45,0,1
10,8,1,1,1,0,0,0,0,10,142,0,1
10,8,0,0,0,0,0,0,0,10,6540,0,1
10,0,0,0,0,0,0,0,0,10,13900,1,1
10,8,2,2,2,0,1,0,0,10,2800,0,1
10,0,0,0,0,0,0,0,0,10,4910,0,1
10,0,2,2,2,0,1,0,0,10,92300,0,1
0,0,0,0,0,0,0,0,0,0,0,0,1
10,0,0,0,0,0,0,0,0,10,164,1,1
1,0,0,0,0,0,0,0,0,1,1,0,1
10,8,0,0,0,0,0,0,0,10,21,1,1
10,0,1,2,2,0,0,0,0,10,189,0,1
10,0,0,0,0,0,0,0,0,10,54900,1,1
0,0,0,0,0,0,0,0,0,0,0,0,1
1,8,0,0,0,0,0,0,0,0,0,0,1
10,0,0,0,0,0,0,0,0,10,75,0,1
10,8,2,2,2,0,0,0,0,10,61,0,1
10,0,2,2,2,0,1,0,0,10,3600,0,1
10,0,0,2,2,0,1,0,0,10,7500,0,1
10,0,0,1,1,0,0,0,0,10,1380,1,1
10,0,0,0,0,0,0,0,0,10,10100,0,1
10,0,0,0,0,0,0,0,0,10,3880000,1,1
10,0,0,0,0,0,0,0,0,10,46,0,1
10,0,1,1,1,0,0,0,0,10,33,0,1
0,0,0,0,0,0,0,0,0,0,0,0,1
2,0,0,0,0,0,0,0,0,2,2,0,1
10,8,0,0,0,0,0,0,0,10,48400,0,1
10,0,0,0,0,0,0,0,0,10,60,1,1
10,0,0,0,0,0,0,0,0,10,22,0,1
9,0,0,0,0,0,0,0,0,9,9,0,1
10,0,0,0,0,0,0,0,1,10,13,0,1
10,0,0,0,0,0,0,0,0,10,1340,1,1
10,0,0,2,2,0,0,0,0,10,16100,0,1
10,8,0,0,0,0,0,0,0,10,3040,1,1
10,8,0,0,0,0,0,0,0,10,24,0,1
10,0,0,0,0,0,0,0,3,10,13,1,1
10,0,1,2,2,0,0,0,0,10,16,0,1
10,0,0,0,0,0,0,0,1,10,133,0,1
10,0,0,2,2,0,1,0,0,10,4750,0,1
10,8,0,1,1,0,1,0,0,10,2500,1,1
10,0,0,0,0,0,0,0,2,10,24,1,1
4,8,1,1,1,0,0,0,0,4,4,0,1
10,8,0,0,0,0,0,0,0,10,13,0,1
10,8,2,2,2,0,0,0,0,10,2760,0,1
10,0,2,2,2,0,0,0,0,10,17400,0,1
10,0,2,2,2,1,1,0,0,10,1420,0,1
10,8,2,2,2,0,0,0,0,10,1840,1,1
0,0,0,0,0,0,0,0,0,0,0,0,1
10,0,2,2,2,0,0,0,0,10,3750,1,1
8,0,2,3,3,0,0,0,1,8,75,1,1
10,0,1,2,2,1,1,0,0,10,12800,1,1
10,6,1,2,2,0,0,0,0,10,8840,0,1
10,0,0,1,1,0,0,0,0,10,37,1,1
10,0,0,0,0,0,0,0,0,10,62,0,1
2,0,0,0,0,0,0,0,0,2,2,0,1
10,0,0,0,0,0,0,0,0,10,86600,1,1
10,0,2,3,3,0,1,0,0,10,10200,1,1
0,0,0,0,0,0,0,0,0,0,0,0,1
10,0,1,1,1,0,0,0,0,10,22100,0,1
10,8,1,1,1,0,0,0,0,10,296000,0,1
10,8,0,2,2,1,1,0,0,10,27100,0,1
10,0,2,2,2,0,1,0,0,10,149000,0,1
10,0,1,1,1,0,0,0,0,10,114000,0,1
10,0,0,0,0,0,0,0,0,10,2510,1,1
10,0,0,0,0,0,0,0,0,10,2420,1,1
0,0,0,0,0,0,0,0,0,0,0,0,1
10,0,0,0,0,0,0,0,0,10,36,1,1
10,8,2,2,2,0,0,0,1,10,26,1,1
10,0,0,0,0,0,0,0,0,10,31,1,1
10,8,1,1,1,0,0,0,0,10,13300,1,1
10,8,0,0,0,0,0,0,0,10,17800,0,1
1,8,1,1,1,0,0,0,0,1,1,0,1
0,0,0,0,0,0,0,0,0,0,0,0,1
0,0,0,0,0,0,0,0,0,0,0,0,1
10,3,2,9,9,1,0,0,0,10,179000,0,1
10,8,0,2,2,1,1,0,0,10,93400,1,1
10,0,0,2,2,0,0,0,0,10,46,1,1
0,0,0,0,0,0,0,0,0,0,0,0,1
10,8,1,1,1,0,0,0,0,10,48,1,1
10,8,0,0,0,0,0,0,0,10,19400,0,1
10,0,1,1,1,0,0,0,0,10,41,1,1
0,0,0,0,0,0,0,0,0,0,0,0,1
2,0,0,0,0,0,0,0,0,2,2,0,1
10,0,2,2,2,0,2,0,0,10,8360,0,1
10,0,2,2,2,1,0,0,0,10,1940,0,1
0,0,0,0,0,0,0,0,0,0,0,0,1
10,0,2,2,2,0,2,0,0,10,2630,0,1
10,0,0,0,0,0,0,0,2,10,15,0,1
2,0,0,0,0,0,0,0,0,2,2,0,1
9,8,0,1,1,1,1,0,0,9,48600,0,1
10,8,0,2,2,0,1,0,0,10,13500,0,1
10,8,0,0,0,0,0,0,0,10,41,0,1
2,0,0,0,0,0,0,0,0,2,2,0,1
0,0,0,0,0,0,0,0,0,0,0,0,1
10,8,0,2,2,0,1,0,0,10,3400,1,1
10,8,0,1,1,0,0,0,0,10,3080,0,1
10,8,0,0,0,0,0,0,0,10,28000,0,1
10,0,0,2,2,0,0,0,0,10,95,0,1
0,0,0,0,0,0,0,0,0,0,0,0,1
10,0,0,1,1,0,1,0,0,10,35,0,1
10,0,0,0,0,0,0,0,0,10,36,0,1
2,0,1,1,1,0,0,0,0,2,3,1,1
10,8,0,2,2,2,1,0,0,10,103000,0,1
10,0,1,1,1,0,0,0,0,10,1100000,0,1
10,0,0,0,0,0,0,0,0,10,19400,0,1
2,8,0,0,0,0,0,0,0,2,2,0,1
10,0,0,0,0,0,0,0,3,10,13,1,1
10,8,1,1,1,1,1,0,0,10,51,0,1
10,8,0,0,0,0,0,0,0,10,20800,0,1
10,0,1,2,2,0,0,0,0,10,41,1,1
1,8,1,1,1,0,0,0,0,1,1,0,1
0,0,0,0,0,0,0,0,0,0,0,0,1
10,0,0,0,0,0,0,0,0,10,6640,0,1
10,0,1,1,1,0,0,0,0,10,1780,0,1
10,0,0,2,2,0,1,0,0,10,20900,0,1
10,0,0,3,3,0,0,0,0,10,22500,1,1
10,0,1,1,1,0,0,0,0,10,4920,1,1
10,0,1,2,2,1,1,0,0,10,19900,0,1
10,0,0,2,2,1,1,0,0,10,1700,1,1
10,8,0,0,0,0,0,0,0,10,92,1,1
1,8,0,0,0,0,0,0,0,0,0,0,1
10,8,0,0,0,0,0,0,0,10,57,0,1
10,0,0,0,0,0,0,0,1,10,22,0,1
10,0,1,1,1,0,0,0,0,10,22800,1,1
0,0,0,0,0,0,0,0,0,0,0,0,1
10,8,1,1,1,0,1,0,0,10,6810000,0,1
10,0,0,1,1,0,0,0,0,10,78,0,1
11,8,2,2,2,0,1,0,0,10,188000,1,1
10,8,1,1,1,0,0,0,0,10,9160,0,1
10,0,2,4,4,1,1,0,0,10,5920,0,1
10,8,0,1,1,1,1,0,0,10,13300000,0,1
10,0,0,0,0,0,0,0,0,10,78,1,1
10,0,1,1,1,0,0,0,0,10,46100,0,1
1,0,0,0,0,0,0,0,0,1,1,0,1
10,0,0,1,1,0,0,0,0,10,21,1,1
10,8,1,1,1,0,0,0,0,10,210000,1,1
10,0,0,0,0,0,0,0,0,10,3200,1,1
10,0,0,1,1,0,0,0,0,10,37500,0,1
0,0,0,0,0,0,0,0,0,0,0,0,1
10,8,1,1,1,0,0,0,0,10,561000,0,1
0,0,0,0,0,0,0,0,0,0,0,0,1
0,0,0,0,0,0,0,0,0,0,0,0,1
10,0,0,2,2,0,0,0,0,10,13,1,1
10,8,0,0,0,0,0,0,0,10,7690,0,1
2,0,0,0,0,0,0,0,0,2,5,1,1
0,0,0,0,0,0,0,0,0,0,0,0,1
0,0,0,0,0,0,0,0,0,0,0,0,1
0,0,0,0,0,0,0,0,0,0,0,0,1
10,8,0,0,0,0,0,0,0,10,204000,0,1
0,0,0,0,0,0,0,0,0,0,0,0,1
10,8,1,1,1,1,1,0,0,10,84800,0,1
10,0,2,2,2,1,0,0,0,10,61500,0,1
10,0,2,2,2,0,1,0,0,10,8020,0,1
10,0,0,2,2,0,0,0,0,10,5950,0,1
1,8,1,1,1,0,0,0,0,1,1,0,1
10,8,0,2,2,0,1,0,0,10,1200,0,1
10,8,0,0,0,0,0,0,0,10,811,0,1
10,8,0,0,0,0,0,0,1,10,2270,1,1
10,8,0,0,0,0,0,0,2,10,16,0,1
10,8,0,0,0,0,0,0,0,10,1990,1,1
10,8,0,0,0,0,0,0,0,10,6270,1,1
3,8,0,0,0,0,0,0,0,3,3,0,1
5,8,0,0,0,0,0,0,2,5,6,0,1
10,8,1,1,1,0,0,0,0,10,2580,0,1
10,8,0,0,0,0,0,0,0,10,707,0,1
10,8,0,3,3,0,0,0,0,10,505,0,1
10,0,0,2,2,1,1,0,0,10,4260,1,1
10,8,0,0,0,0,0,0,2,10,60,0,1
10,8,1,1,1,1,1,0,0,10,85700,1,1
10,4,0,2,2,1,1,0,1,10,1450,0,1
10,0,0,1,1,1,1,0,0,10,62200,0,1
10,8,0,2,2,0,0,0,0,10,87,1,1
0,0,0,0,0,0,0,0,0,0,0,0,1
10,0,0,0,0,0,0,0,0,10,28,1,1
8,8,0,2,2,1,1,0,0,8,148000,0,1
1,8,0,0,0,0,0,0,0,1,1,0,1
10,8,1,1,1,0,0,0,0,10,1630,0,1
1,8,1,1,1,0,0,0,0,1,1,0,1
3,8,1,1,1,0,0,0,0,3,3,0,1
1,0,0,0,0,0,0,0,0,1,1,0,1
0,0,0,0,0,0,0,0,0,0,0,0,1
0,0,0,0,0,0,0,0,0,0,0,0,1
0,0,0,0,0,0,0,0,0,0,0,0,1
10,0,1,1,1,0,0,0,0,10,673000,1,1
10,0,2,2,2,1,0,0,0,10,30,1,1
10,0,0,0,0,0,0,0,0,10,38300,1,1
10,8,2,3,3,0,0,0,0,10,10100,1,1
1,8,1,1,1,0,0,0,0,1,1,0,1
10,0,2,2,2,0,1,0,0,10,90900,1,1
10,0,0,0,0,0,0,0,0,10,53000,0,1
0,0,0,0,0,0,0,0,0,0,0,0,1
10,8,1,3,3,1,1,0,0,10,85,0,1
10,8,0,3,3,1,2,0,0,10,35,0,1
2,8,1,1,1,0,0,0,0,2,2,0,1
2,0,0,0,0,0,0,0,0,2,2,0,1
1,8,1,1,1,0,0,0,0,1,1,0,1
1,8,1,1,1,0,0,0,0,1,1,0,1
10,0,0,1,1,0,0,0,0,10,3320,1,1
10,8,0,1,1,0,0,0,0,10,99,1,1
10,0,0,0,0,0,0,0,0,10,17000,0,1
10,8,0,2,2,1,0,0,0,10,104000,0,1
10,8,0,0,0,0,0,0,0,10,168000,0,1
10,8,2,4,4,3,2,0,0,10,76800,0,1
10,8,0,0,0,0,0,0,0,10,29300,0,1
10,7,0,0,0,0,0,0,0,10,31700,0,1
10,8,1,2,2,1,2,0,1,10,80,1,1
10,0,0,0,0,0,0,0,0,10,41900000,0,1
10,0,0,0,0,0,0,0,0,10,24,0,1
10,8,0,0,0,0,0,0,0,10,962,1,1
10,8,1,2,2,1,0,0,0,10,10300,1,1
10,0,0,1,1,0,0,0,0,10,27,1,1
0,0,0,0,0,0,0,0,0,0,0,0,1
10,8,2,2,2,1,1,0,0,10,13700,0,1
0,0,0,0,0,0,0,0,0,0,0,0,1
1,8,1,1,1,0,0,0,0,1,1,0,1
10,0,2,2,2,0,0,0,0,10,19000,0,1
2,0,0,0,0,0,0,0,0,2,2,0,1
0,0,0,0,0,0,0,0,0,0,0,0,1
10,8,0,0,0,0,0,0,0,10,5000000,0,1
0,0,0,0,0,0,0,0,0,0,0,0,1
0,0,0,0,0,0,0,0,0,0,0,0,1
10,0,0,0,0,0,0,0,0,10,69,0,1
10,0,1,1,1,0,0,0,0,10,5320,1,1
10,8,0,0,0,0,0,0,0,10,110000,0,1
10,0,0,1,1,0,0,0,0,10,19,1,1
4,8,1,1,1,0,0,0,0,4,4,0,1
1,8,0,0,0,0,0,0,0,0,0,0,1
2,0,0,0,0,0,0,0,0,2,2,0,1
0,0,0,0,0,0,0,0,0,0,0,0,1
1,8,1,1,1,0,0,0,0,1,1,0,1
0,0,0,0,0,0,0,0,0,0,0,0,1
10,0,2,2,2,0,0,0,0,10,12300,1,1
2,0,0,0,0,0,0,0,0,2,2,0,1
10,8,0,0,0,0,0,0,0,10,61,0,1
11,8,0,0,0,0,0,0,0,10,715000,0,1
10,0,0,0,0,0,0,0,2,10,34,0,1
10,0,0,2,2,0,0,0,0,10,5210,1,1
10,8,0,0,0,0,0,0,0,10,100000,0,1
2,8,1,1,1,0,0,0,0,2,2,0,1
10,0,0,0,0,0,0,0,0,10,22800,1,1
10,0,0,1,1,0,0,0,0,10,4060,0,1
10,8,2,2,2,0,0,0,0,10,62900,1,1
10,0,2,2,2,1,1,0,0,10,70,1,1
10,8,1,1,1,0,0,0,0,10,75800,0,1
10,8,2,2,2,1,0,0,0,10,3290,1,1
10,8,2,2,2,1,1,0,0,10,37700,1,1
10,0,1,1,1,1,1,0,0,10,27,0,1
0,0,0,0,0,0,0,0,0,0,0,0,1
0,0,0,0,0,0,0,0,0,0,0,0,1
3,8,1,1,1,0,0,0,0,3,3,0,1
1,0,0,0,0,0,0,0,0,1,1,0,1
10,0,0,0,0,0,0,0,0,10,1390,1,1
10,0,0,0,0,0,0,0,0,10,5900,0,1
10,0,2,2,2,0,1,0,0,10,2310,0,1
10,8,1,1,1,0,0,0,0,10,45200,0,1
10,4,1,3,3,0,1,0,0,10,31300,1,1
10,8,0,0,0,0,0,0,0,10,28100,0,1
10,8,0,0,0,0,0,0,0,10,17,1,1
10,0,0,2,2,1,1,0,0,10,91400,0,1
2,0,0,0,0,0,0,0,0,2,2,0,1
10,0,1,1,1,1,0,0,0,10,83500,0,1
10,0,0,7,7,0,1,0,0,10,4340,0,1
0,0,0,0,0,0,0,0,0,0,0,0,1
0,0,0,0,0,0,0,0,0,0,0,0,1
2,0,0,0,0,0,0,0,0,2,2,0,1
10,0,1,4,4,0,1,0,1,10,60600,0,1
6,8,0,0,0,0,0,0,0,6,6,0,1
0,0,0,0,0,0,0,0,0,0,0,0,1
2,8,1,1,1,0,0,0,0,2,2,0,1
2,0,0,0,0,0,0,0,0,2,2,0,1
10,8,0,1,1,0,0,0,0,10,9250,0,1
10,0,2,2,2,0,0,0,1,10,3100,0,1
10,0,0,2,2,0,0,0,0,10,24200,0,1
8,8,0,1,1,0,1,0,0,8,9710,0,1
1,0,0,0,0,0,0,0,0,1,1,0,1
2,0,0,0,0,0,0,0,0,2,2,0,1
2,8,1,1,1,0,0,0,0,2,2,0,1
10,8,0,0,0,0,0,0,0,10,238000,0,1
10,8,0,1,1,1,1,0,0,10,1860000,1,1
10,0,0,0,0,0,0,0,0,10,3200,0,1
9,8,1,1,1,1,1,0,0,9,720000,0,1
10,0,0,0,0,0,0,0,0,10,31,0,1
10,0,0,0,0,0,0,0,0,10,34,0,1
10,0,0,2,2,0,0,0,0,10,6200,1,1
10,0,0,0,0,0,0,0,0,10,96,1,1
0,0,0,0,0,0,0,0,0,0,0,0,1
10,0,0,2,2,0,1,0,0,10,74200,0,1
4,0,0,0,0,0,0,0,0,4,9,0,1
10,8,1,1,1,0,0,0,0,10,11100,1,1
10,8,0,0,0,0,0,0,0,10,7300,0,1
9,3,1,1,1,1,1,0,0,9,148000,0,1
10,0,1,2,2,0,1,0,0,10,9580,0,1
2,0,0,0,0,0,0,0,0,2,2,0,1
0,0,0,0,0,0,0,0,0,0,0,0,1
2,8,1,1,1,0,0,0,0,2,2,0,1
0,0,0,0,0,0,0,0,0,0,0,0,1
1,8,1,1,1,0,0,0,0,1,1,0,1
10,8,0,0,0,0,0,0,0,10,23200,1,1
10,8,2,3,3,0,0,0,0,10,9420,0,1
10,4,0,0,0,0,0,0,0,10,23,0,1
10,7,0,1,1,0,0,0,0,10,1080000,0,1
0,0,0,0,0,0,0,0,0,0,0,0,1
0,0,0,0,0,0,0,0,0,0,0,0,1
8,0,0,0,0,0,0,0,1,8,8,0,1
10,0,0,0,0,0,0,0,0,10,1000,1,1
10,0,0,0,0,0,0,0,0,10,87200,1,1
10,8,2,2,2,0,0,0,0,10,5190,1,1
10,8,0,1,1,1,1,0,0,10,178000,0,1
10,0,1,2,2,1,0,0,0,10,123000,0,1
10,0,2,2,2,2,0,0,0,10,681,1,1
5,8,1,1,1,0,0,0,0,5,5,0,1
1,8,0,0,0,0,0,0,0,1,2,1,1
2,0,0,0,0,0,0,0,0,2,2,0,1
0,0,0,0,0,0,0,0,0,0,0,0,1
0,0,0,0,0,0,0,0,0,0,0,0,1
10,0,0,0,0,0,0,0,0,10,21,0,1
10,0,2,2,2,0,2,0,0,10,10600,0,1
0,0,0,0,0,0,0,0,0,0,0,0,1
10,0,0,0,0,0,0,0,0,10,73,0,1
10,8,0,0,0,0,0,0,0,10,7890,0,1
8,7,0,1,1,0,1,0,0,8,11000,0,1
10,8,2,2,2,0,1,0,0,10,190000,0,1
10,8,0,0,0,0,0,0,0,10,80300,0,1
10,0,2,2,2,0,1,0,0,10,26,0,1
0,0,0,0,0,0,0,0,0,0,0,0,1
1,8,1,1,1,0,0,0,0,1,1,0,1
0,0,0,0,0,0,0,0,0,0,0,0,1
10,8,0,2,2,0,1,0,0,10,72,1,1
10,0,1,2,2,0,0,0,0,10,1490,0,1
10,0,1,1,1,1,0,0,0,10,2630,1,1
10,0,0,0,0,0,0,0,1,10,20,0,1
1,8,1,1,1,0,0,0,0,1,1,0,1
10,0,1,1,1,0,1,0,0,10,26200,0,1
10,0,0,0,0,0,0,0,0,10,83,1,1
10,0,2,2,2,0,0,0,0,10,17,1,1
0,0,0,0,0,0,0,0,0,0,0,0,1
0,0,0,0,0,0,0,0,0,0,0,0,1
3,8,1,1,1,0,0,0,0,3,3,0,1
10,0,0,2,2,0,0,0,0,10,24,0,1
10,8,1,1,1,0,0,0,0,10,30,1,1
10,8,1,1,1,0,0,0,0,10,52900,0,1
10,0,0,2,2,0,1,0,0,10,27,1,1
10,0,2,2,2,0,0,0,0,10,27,1,1
0,0,0,0,0,0,0,0,0,0,0,0,1
10,8,0,0,0,0,0,0,0,10,11,0,1
1,8,1,1,1,0,0,0,0,1,1,0,1
10,0,0,0,0,0,0,0,0,10,19300,0,1
10,8,0,1,1,0,0,0,0,10,10400000,0,1
3,0,0,0,0,0,0,0,0,3,3,0,1
10,0,0,1,1,0,1,0,0,10,1050,0,1
0,0,0,0,0,0,0,0,0,0,0,0,1
10,0,0,0,0,0,0,0,0,10,24,0,1
10,0,0,2,2,0,0,0,0,10,8960,1,1
1,8,1,1,1,0,0,0,0,1,1,0,1
10,0,2,2,2,0,0,0,0,10,34600,0,1
0,0,0,0,0,0,0,0,0,0,0,0,1
10,0,0,1,1,0,0,0,0,10,1620,1,1
1,0,0,0,0,0,0,0,0,1,1,0,1
10,8,0,1,1,1,1,0,0,10,43100,0,1
10,0,0,0,0,0,0,0,0,10,2680,1,1
10,0,0,2,2,1,1,0,0,10,4160,1,1
10,8,0,2,2,0,1,0,0,10,373000,0,1
0,0,0,0,0,0,0,0,0,0,0,0,1
10,8,0,4,4,3,1,0,1,10,13500,1,1
10,0,2,2,2,0,0,0,0,10,20,1,1
0,0,0,0,0,0,0,0,0,0,0,0,1
1,8,1,1,1,0,0,0,0,1,1,0,1
2,8,1,1,1,0,0,0,0,2,2,0,1
10,0,0,0,0,0,0,0,0,10,5490,1,1
10,0,1,3,3,0,0,0,0,10,13300,0,1
2,0,0,0,0,0,0,0,0,2,2,0,1
6,8,0,0,0,0,0,0,0,6,7,0,1
10,8,0,2,2,0,0,0,0,10,3750,0,1
10,0,0,2,2,0,1,0,0,10,80,1,1
10,0,0,2,2,0,0,0,0,10,12,0,1
10,0,2,2,2,0,1,0,0,10,13400,0,1
10,6,0,1,1,0,1,0,0,10,58100,0,1
0,0,0,0,0,0,0,0,0,0,0,0,1
2,0,0,0,0,0,0,0,0,2,2,0,1
10,0,0,0,0,0,0,0,0,10,6870,0,1
10,8,0,2,2,0,0,0,0,10,162000,0,1
10,0,1,2,2,0,1,0,0,10,4130,1,1
10,4,2,7,7,0,0,0,0,10,64,0,1
0,0,0,0,0,0,0,0,0,0,0,0,1
1,8,0,0,0,0,0,0,0,0,0,0,1
10,8,1,4,4,1,0,0,0,10,2040,1,1
10,0,1,1,1,0,0,0,0,10,11800,0,1
10,0,0,0,0,0,0,0,0,10,2120,0,1
10,0,0,0,0,0,0,0,0,10,4540,1,1
10,0,0,0,0,0,0,0,0,10,22,1,1
10,0,0,0,0,0,0,0,0,10,51400,1,1
10,8,0,0,0,0,0,0,0,10,80300,1,1
10,0,0,0,0,0,0,0,0,10,18,0,1
10,0,0,0,0,0,0,0,0,10,17,0,1
10,0,1,1,1,0,0,0,0,10,1760,0,1
10,0,2,2,2,0,0,0,0,10,1630,0,1
10,0,2,2,2,0,1,0,0,10,98200,0,1
3,0,0,0,0,0,0,0,0,3,3,0,1
7,8,0,0,0,0,0,0,4,7,7,0,1
7,0,0,0,0,0,0,0,2,7,7,0,1
10,0,1,2,2,1,1,0,0,10,102000,0,1
10,0,0,0,0,0,0,0,0,10,1230,1,1
10,0,0,0,0,0,0,0,0,10,38,0,1
0,0,0,0,0,0,0,0,0,0,0,0,1
10,8,1,1,1,0,0,0,0,10,18400,0,1
10,0,0,0,0,0,0,0,0,10,9180,0,1
0,0,0,0,0,0,0,0,0,0,0,0,1
10,0,0,0,0,0,0,0,0,10,11200,0,1
0,0,0,0,0,0,0,0,0,0,0,0,1
0,0,0,0,0,0,0,0,0,0,0,0,1
3,8,1,1,1,0,0,0,0,3,3,0,1
0,0,0,0,0,0,0,0,0,0,0,0,1
0,0,0,0,0,0,0,0,0,0,0,0,1
1,8,1,1,1,0,0,0,0,1,1,0,1
8,5,1,2,2,0,1,0,0,8,77300,0,1
10,0,1,1,1,0,0,0,0,10,4780,0,1
0,0,0,0,0,0,0,0,0,0,0,0,1
10,8,0,0,0,0,0,0,0,10,69500,0,1
0,0,0,0,0,0,0,0,0,0,0,0,1
10,8,0,0,0,0,0,0,1,10,24,1,1
10,0,0,0,0,0,0,0,0,10,12200,1,1
1,8,1,1,1,0,0,0,0,1,1,0,1
0,0,0,0,0,0,0,0,0,0,0,0,1
10,0,0,0,0,0,0,0,0,10,8260,0,1
1,8,1,1,1,0,0,0,0,1,1,0,1
0,0,0,0,0,0,0,0,0,0,0,0,1
4,8,0,0,0,0,0,0,0,4,4,0,1
0,0,0,0,0,0,0,0,0,0,0,0,1
0,0,0,0,0,0,0,0,0,0,0,0,1
10,5,0,0,0,0,0,0,0,10,47100,0,1
10,8,0,0,0,0,0,0,0,10,3250,0,1
10,0,1,1,1,0,0,0,0,10,163,0,1
10,8,0,0,0,0,0,0,0,10,4880,1,1
9,0,1,1,1,0,0,0,0,9,11,0,1
1,8,0,0,0,0,0,0,0,0,0,0,1
10,0,2,2,2,0,1,0,0,10,1890,0,1
0,0,0,0,0,0,0,0,0,0,0,0,1
10,8,0,1,1,0,0,0,0,10,7040,0,1
10,8,1,2,2,0,0,0,0,10,19500,0,1
10,0,0,0,0,0,0,0,0,10,8540,0,1
1,8,1,1,1,0,0,0,0,1,1,0,1
1,8,1,1,1,0,0,0,0,1,1,0,1
0,0,0,0,0,0,0,0,0,0,0,0,1
1,8,1,1,1,0,0,0,0,1,1,0,1
4,8,1,1,1,0,0,0,0,4,4,0,1
10,8,0,0,0,0,0,0,0,10,512000,0,1
10,8,2,2,2,1,1,0,0,10,5140,0,1
10,8,2,2,2,0,1,0,0,10,3710,0,1
1,8,1,1,1,0,0,0,0,1,1,0,1
0,0,0,0,0,0,0,0,0,0,0,0,1
10,0,2,2,2,1,1,0,0,10,1750,0,1
0,0,0,0,0,0,0,0,0,0,0,0,1
0,0,0,0,0,0,0,0,0,0,0,0,1
0,0,0,0,0,0,0,0,0,0,0,0,1
10,8,1,1,1,0,1,0,0,10,100000,0,1
1,8,1,1,1,0,0,0,0,1,1,0,1
6,8,1,1,1,0,0,0,0,6,9,0,1
0,0,0,0,0,0,0,0,0,0,0,0,1
2,0,0,0,0,0,0,0,0,2,2,0,1
0,0,0,0,0,0,0,0,0,0,0,0,1
10,0,0,2,2,0,0,0,0,10,175,0,1
10,0,0,2,2,1,0,0,0,10,2590,1,1
10,4,0,2,2,0,1,0,0,10,106000,0,1
10,8,0,0,0,0,0,0,0,10,155,0,1
10,8,0,0,0,0,0,0,0,10,67,1,1
10,8,1,1,1,0,0,0,0,10,165000,0,1
0,0,0,0,0,0,0,0,0,0,0,0,1
10,0,0,1,1,0,0,0,0,10,175,1,1
10,0,1,1,1,0,0,0,0,10,52700,0,1
10,8,0,0,0,0,0,0,0,10,351000,0,1
10,8,2,2,2,0,1,0,0,10,2070000,0,1
0,0,0,0,0,0,0,0,0,0,0,0,1
0,0,0,0,0,0,0,0,0,0,0,0,1
10,3,1,1,1,0,1,0,0,10,1670,1,1
10,8,0,0,0,0,0,0,0,10,41,1,1
10,2,2,2,2,0,1,0,0,10,29000,0,1
10,0,0,3,3,0,0,0,0,10,17400,0,1
10,8,2,2,2,0,0,0,0,10,12900,0,1
0,0,0,0,0,0,0,0,0,0,0,0,1
0,0,0,0,0,0,0,0,0,0,0,0,1
10,8,0,0,0,0,0,0,0,10,381,0,1
10,8,1,1,1,0,0,0,0,10,360000,0,1
10,0,2,2,2,0,1,0,2,10,19700,0,1
0,0,0,0,0,0,0,0,0,0,0,0,1
1,8,0,0,0,0,0,0,0,1,1,0,1
10,8,0,0,0,0,0,0,0,10,74300,1,1
0,0,0,0,0,0,0,0,0,0,0,0,1
10,0,0,0,0,0,0,0,0,10,52,1,1
7,8,0,0,0,0,0,0,0,7,7,0,1
10,0,0,0,0,0,0,0,0,10,49,0,1
10,0,0,0,0,0,0,0,0,10,92,0,1
5,0,0,0,0,0,0,0,2,5,5,0,1
10,0,0,0,0,0,0,0,0,10,169000,0,1
0,0,0,0,0,0,0,0,0,0,0,0,1
10,0,0,0,0,0,0,0,0,10,178000,0,1
8,8,0,0,0,0,0,0,0,8,1020000,1,1
1,8,0,0,0,0,0,0,0,1,1,0,1
10,0,0,0,0,0,0,0,0,10,10200,0,1
3,0,0,0,0,0,0,0,0,3,3,0,1
0,0,0,0,0,0,0,0,0,0,0,0,1
0,0,0,0,0,0,0,0,0,0,0,0,1
0,0,0,0,0,0,0,0,0,0,0,0,1
8,8,0,0,0,0,0,0,0,8,4340000,0,1
1,8,0,0,0,0,0,0,0,0,0,0,1
10,8,2,3,3,0,1,0,0,10,515000,0,1
0,0,0,0,0,0,0,0,0,0,0,0,1
10,8,1,1,1,0,1,0,0,10,185000000,0,1
10,0,1,1,1,0,0,0,0,10,62,1,1
9,8,0,0,0,0,0,0,0,9,268000,0,1
10,0,2,2,2,1,0,0,0,10,4200,0,1
10,0,1,1,1,0,0,0,0,10,276,1,1
10,8,1,1,1,0,0,0,0,10,10100,1,1
10,0,2,2,2,0,0,0,0,10,80,1,1
10,8,0,2,2,0,1,0,0,10,44,0,1
10,8,0,0,0,0,0,0,0,10,7160,0,1
0,0,0,0,0,0,0,0,0,0,0,0,1
10,8,0,2,2,1,1,0,0,10,142000,0,1
10,8,2,3,3,0,0,0,0,10,4730,1,1
10,0,0,1,1,0,0,0,0,10,8110,1,1
10,0,0,0,0,0,0,0,0,10,3360,0,1
10,6,0,2,2,0,0,0,0,10,19300,0,1
10,8,0,2,2,0,0,0,0,10,103000,0,1
10,0,2,2,2,0,1,0,0,10,4520,0,1
10,8,1,1,1,0,0,0,0,10,83,1,1
0,0,0,0,0,0,0,0,0,0,0,0,1
10,0,0,0,0,0,0,0,0,10,4070,0,1
0,0,0,0,0,0,0,0,0,0,0,0,1
10,2,2,2,2,1,1,0,0,10,17100,0,1
10,8,0,0,0,0,0,0,0,10,6340,0,1
10,0,1,1,1,0,1,0,0,10,28800,0,1
1,8,1,1,1,0,0,0,0,1,1,0,1
0,0,0,0,0,0,0,0,0,0,0,0,1
6,7,1,1,1,0,0,0,0,6,7,0,1
10,8,0,0,0,0,0,0,0,10,8710000,0,1
10,0,0,2,2,1,0,0,0,10,40800,1,1
10,8,1,2,2,0,0,0,0,10,22400,1,1
10,8,0,0,0,0,0,0,0,10,59,0,1
10,8,2,2,2,0,1,0,0,10,67,0,1
10,0,0,0,0,0,0,0,0,10,55,1,1
10,0,1,1,1,0,0,0,0,10,73,0,1
10,0,1,2,2,1,1,0,0,10,1950,0,1
0,0,0,0,0,0,0,0,0,0,0,0,1
0,0,0,0,0,0,0,0,0,0,0,0,1
0,0,0,0,0,0,0,0,0,0,0,0,1
10,4,0,0,0,0,0,0,0,10,55,0,1
10,8,0,0,0,0,0,0,0,10,143000,0,1
10,8,1,1,1,0,0,0,0,10,608000,0,1
10,8,0,0,0,0,0,0,0,10,20,0,1
0,0,0,0,0,0,0,0,0,0,0,0,1
0,0,0,0,0,0,0,0,0,0,0,0,1
10,0,2,2,2,0,0,0,0,10,2850,1,1
2,0,0,0,0,0,0,0,0,2,2,0,1
0,0,0,0,0,0,0,0,0,0,0,0,1
10,8,0,9,9,0,0,0,0,10,2250,0,1
10,8,2,3,3,0,0,0,0,10,17500,1,1
10,0,1,8,8,0,0,0,0,10,9330,1,1
10,8,0,0,0,0,0,0,0,10,558000,0,1
10,8,1,1,1,0,0,0,0,10,5670000,0,1
9,8,0,0,0,0,0,0,0,9,35400,0,1
10,8,0,0,0,0,0,0,0,10,56,0,1
10,0,1,1,1,0,0,0,0,10,25,1,1
10,0,0,2,2,0,0,0,0,10,59,1,1
0,0,0,0,0,0,0,0,0,0,0,0,1
0,0,0,0,0,0,0,0,0,0,0,0,1
2,0,0,0,0,0,0,0,0,2,2,0,1
0,0,0,0,0,0,0,0,0,0,0,0,1
10,0,1,1,1,0,1,0,0,10,43,0,1
10,0,1,1,1,0,0,0,0,10,3020,0,1
10,0,0,0,0,0,0,0,2,10,16,0,1
1,0,0,0,0,0,0,0,0,1,1,0,1
0,0,0,0,0,0,0,0,0,0,0,0,1
0,0,0,0,0,0,0,0,0,0,0,0,1
10,8,0,0,0,0,0,0,1,10,10900,1,1
2,0,0,0,0,0,0,0,0,2,2,0,1
0,0,0,0,0,0,0,0,0,0,0,0,1
2,0,0,0,0,0,0,0,0,2,2,0,1
10,8,1,1,1,0,1,0,0,10,593000,0,1
0,0,0,0,0,0,0,0,0,0,0,0,1
10,8,1,1,1,0,0,0,0,10,757,1,1
2,0,0,0,0,0,0,0,0,2,2,0,1
1,8,0,0,0,0,0,0,0,0,0,0,1
0,0,0,0,0,0,0,0,0,0,0,0,1
2,0,0,0,0,0,0,0,0,2,2,0,1
0,0,0,0,0,0,0,0,0,0,0,0,1
10,4,2,3,3,0,0,0,0,10,21300,0,1
8,8,0,0,0,0,0,0,0,8,8,0,1
2,0,0,0,0,0,0,0,0,2,2,0,1
10,0,2,2,2,1,1,0,0,10,21600,1,1
0,0,0,0,0,0,0,0,0,0,0,0,1
10,0,0,0,0,0,0,0,0,10,12,0,1
2,0,0,0,0,0,0,0,0,2,2,0,1
10,0,0,1,1,0,0,0,0,10,62300,0,1
10,0,0,0,0,0,0,0,0,10,10800,0,1
0,0,0,0,0,0,0,0,0,0,0,0,1
2,0,0,0,0,0,0,0,0,2,2,0,1
0,0,0,0,0,0,0,0,0,0,0,0,1
8,8,0,1,1,0,0,0,0,8,1270000,0,1
0,0,0,0,0,0,0,0,0,0,0,0,1
10,0,0,0,0,0,0,0,0,10,21500,1,1
1,8,0,0,0,0,0,0,0,0,0,0,1
0,0,0,0,0,0,0,0,0,0,0,0,1
10,0,0,0,0,0,0,0,0,10,138,1,1
10,8,0,1,1,0,0,0,0,10,61,1,1
10,0,1,1,1,0,0,0,0,10,1600,0,1
10,0,2,2,2,0,1,0,0,10,40,1,1
10,8,0,0,0,0,0,0,0,10,705000,0,1
10,0,2,3,3,0,0,0,0,10,35,1,1
10,0,1,2,2,0,1,0,0,10,39,0,1
10,0,2,2,2,0,1,0,0,10,3830,0,1
0,0,0,0,0,0,0,0,0,0,0,0,1
0,0,0,0,0,0,0,0,0,0,0,0,1
10,8,1,2,2,0,0,0,0,10,36000,1,1
10,0,0,0,0,0,0,0,0,10,9380,1,1
10,0,1,1,1,0,0,0,0,10,2630,0,1
0,0,0,0,0,0,0,0,0,0,0,0,1
10,0,0,1,1,0,0,0,0,10,2140,0,1
0,0,0,0,0,0,0,0,0,0,0,0,1
0,0,0,0,0,0,0,0,0,0,0,0,1
10,0,0,2,2,0,0,0,0,10,5880,0,1
0,0,0,0,0,0,0,0,0,0,0,0,1
10,8,0,0,0,0,0,0,0,10,6570,0,1
10,0,2,2,2,0,2,0,0,10,9020,1,1
10,8,1,1,1,0,0,0,0,10,13600000,0,1
1,0,0,0,0,0,0,0,0,1,1,0,1
10,8,0,0,0,0,0,0,0,10,271000,0,1
10,8,0,0,0,0,0,0,0,10,7370000,0,1
10,0,0,0,0,0,0,0,0,10,13500,0,1
10,0,0,2,2,0,2,0,0,10,3630,1,1
10,8,0,0,0,0,0,0,0,10,21300,0,1
7,8,0,0,0,0,0,0,0,7,7,0,1
10,0,0,1,1,0,0,0,0,10,70,1,1
10,0,1,1,1,0,0,0,0,10,384000,1,1
10,0,2,2,2,0,1,0,0,10,179,1,1
10,0,0,0,0,0,0,0,0,10,20700,0,1
10,0,0,0,0,0,0,0,0,10,163000,0,1
10,8,0,0,0,0,0,0,0,10,168000,1,1
10,0,0,0,0,0,0,0,0,10,21100,0,1
10,0,0,0,0,0,0,0,0,10,81,0,1
10,0,1,2,2,1,1,0,0,10,2940,0,1
2,0,0,0,0,0,0,0,0,2,2,0,1
10,0,0,2,2,0,1,0,0,10,130,0,1
4,0,0,0,0,0,0,0,0,4,4,0,1
10,0,2,2,2,0,0,0,0,10,4710,0,1
10,0,0,1,1,0,0,0,0,10,53,1,1
10,8,2,8,8,6,1,0,0,10,82500,0,1
10,0,2,2,2,0,0,0,0,10,2120,0,1
0,0,0,0,0,0,0,0,0,0,0,0,1
10,0,0,2,2,0,0,0,0,10,5950,0,1
10,8,0,0,0,0,0,0,0,10,61200,0,1
10,8,0,0,0,0,0,0,0,10,258000,0,1
10,0,1,1,1,0,0,0,0,10,13400,1,1
10,0,0,1,1,0,0,0,0,10,83,0,1
10,7,0,0,0,0,0,0,0,10,31100,0,1
0,0,0,0,0,0,0,0,0,0,0,0,1
0,0,0,0,0,0,0,0,0,0,0,0,1
1,0,0,0,0,0,0,0,0,1,1,0,1
10,0,2,2,2,1,1,0,0,10,9030,0,1
10,0,1,1,1,0,0,0,0,10,147,1,1
0,0,0,0,0,0,0,0,0,0,0,0,1
0,0,0,0,0,0,0,0,0,0,0,0,1
0,0,0,0,0,0,0,0,0,0,0,0,1
10,0,0,2,2,0,1,0,0,10,165,1,1
10,0,0,0,0,0,0,0,0,10,46,1,1
0,0,0,0,0,0,0,0,0,0,0,0,1
10,0,1,1,1,0,0,0,0,10,5220,0,1
10,8,0,0,0,0,0,0,0,10,11700,0,1
3,0,0,0,0,0,0,0,0,3,3,0,1
6,0,0,0,0,0,0,0,0,6,6,0,1
10,0,1,1,1,0,0,0,0,10,56,0,1
10,8,1,8,8,5,1,0,0,10,124000,1,1
9,0,0,2,2,0,0,0,0,9,9,0,1
10,8,1,1,1,0,0,0,0,10,19000,0,1
0,0,0,0,0,0,0,0,0,0,0,0,1
0,0,0,0,0,0,0,0,0,0,0,0,1
0,0,0,0,0,0,0,0,0,0,0,0,1
10,0,2,2,2,1,0,0,0,10,36,0,1
9,8,1,1,1,0,1,0,0,9,106000,1,1
10,0,0,2,2,1,1,0,0,10,6150,0,1
0,0,0,0,0,0,0,0,0,0,0,0,1
0,0,0,0,0,0,0,0,0,0,0,0,1
0,0,0,0,0,0,0,0,0,0,0,0,1
0,0,0,0,0,0,0,0,0,0,0,0,1
0,0,0,0,0,0,0,0,0,0,0,0,1
0,0,0,0,0,0,0,0,0,0,0,0,1
0,0,0,0,0,0,0,0,0,0,0,0,1
0,0,0,0,0,0,0,0,0,0,0,0,1
10,0,1,1,1,0,0,0,0,10,32,1,1
3,8,1,1,1,0,0,0,0,3,3,0,1
0,0,0,0,0,0,0,0,0,0,0,0,1
10,8,0,6,6,0,2,0,0,10,87,1,1
10,0,0,0,0,0,0,0,0,10,122000,1,1
10,0,0,0,0,0,0,0,0,10,5120000,1,1
10,8,0,0,0,0,0,0,0,10,47,0,1
10,0,0,0,0,0,0,0,0,10,12300,1,1
10,8,1,1,1,0,0,0,1,10,17400,0,1
0,0,0,0,0,0,0,0,0,0,0,0,1
10,8,2,2,2,0,0,0,0,10,83,1,1
10,8,0,0,0,0,0,0,0,10,1010000,0,1
1,8,0,0,0,0,0,0,0,0,0,0,1
10,2,1,1,1,0,0,0,0,10,49800,0,1
10,2,1,5,5,0,1,0,0,10,7880,1,1
1,0,0,0,0,0,0,0,0,1,1,0,1
11,0,0,0,0,0,0,0,0,10,158000,1,1
0,0,0,0,0,0,0,0,0,0,0,0,1
10,0,1,1,1,0,1,0,0,10,9120,1,1
10,8,0,2,2,0,1,0,0,10,124000,0,1
10,0,0,0,0,0,0,0,0,10,10,0,1
10,0,1,1,1,0,0,0,0,10,118000,0,1
11,8,0,0,0,0,0,0,0,10,104000,1,1
10,8,1,1,1,0,0,0,0,10,19900,0,1
0,0,0,0,0,0,0,0,0,0,0,0,1
10,0,0,2,2,0,0,0,0,10,116,0,1
10,0,0,2,2,0,0,0,0,10,26000,1,1
10,8,2,2,2,0,1,0,0,10,65,1,1
0,0,0,0,0,0,0,0,0,0,0,0,1
2,0,0,0,0,0,0,0,0,2,2,0,1
4,0,0,0,0,0,0,0,0,4,4,0,1
10,0,0,0,0,0,0,0,0,10,30,1,1
10,0,2,2,2,0,0,0,0,10,144,1,1
0,0,0,0,0,0,0,0,0,0,0,0,1
10,0,0,0,0,0,0,0,0,10,7180,1,1
10,0,0,0,0,0,0,0,0,10,95800,0,1
0,0,0,0,0,0,0,0,0,0,0,0,1
0,0,0,0,0,0,0,0,0,0,0,0,1
2,0,0,0,0,0,0,0,0,2,2,0,1
10,8,0,1,1,0,0,0,0,10,53,0,1
10,8,1,4,4,1,1,0,1,10,12400,1,1
10,0,0,0,0,0,0,0,0,10,12,0,1
10,0,2,2,2,0,1,0,0,10,96,0,1
10,0,0,0,0,0,0,0,0,10,23500,0,1
10,8,0,2,2,0,1,0,0,10,84300,1,1
10,8,0,2,2,0,2,0,0,10,40600,1,1
10,0,0,0,0,0,0,0,0,10,46100,0,1
1,0,0,0,0,0,0,0,0,1,1,0,1
0,0,0,0,0,0,0,0,0,0,0,0,1
10,0,0,0,0,0,0,0,0,10,14200,0,1
10,0,1,2,2,0,1,0,0,10,41,1,1
10,0,2,2,2,0,0,0,0,10,57,1,1
10,0,0,1,1,0,0,0,3,10,85,0,1
10,0,2,2,2,0,0,0,0,10,28,0,1
10,8,0,0,0,0,0,0,0,10,8560,0,1
10,8,0,2,2,1,1,0,0,10,18500,0,1
10,0,0,1,1,0,0,0,0,10,58,1,1
1,8,0,0,0,0,0,0,0,0,0,0,1
10,0,2,2,2,2,1,0,0,10,13200,0,1
10,0,1,1,1,0,0,0,0,10,12,0,1
10,8,2,3,3,2,2,0,0,10,15900,0,1
10,8,0,0,0,0,0,0,0,10,67,1,1
0,0,0,0,0,0,0,0,0,0,0,0,1
10,7,1,1,1,0,0,0,0,10,2840,0,1
10,8,0,0,0,0,0,0,0,10,97,0,1
0,0,0,0,0,0,0,0,0,0,0,0,1
10,0,2,2,2,0,1,0,0,10,2960,1,1
10,0,0,0,0,0,0,0,0,10,40,0,1
0,0,0,0,0,0,0,0,0,0,0,0,1
0,0,0,0,0,0,0,0,0,0,0,0,1
10,0,1,1,1,0,0,0,0,10,97,0,1
10,0,2,2,2,1,0,0,0,10,90,0,1
10,8,1,2,2,0,1,0,0,10,44100,0,1
3,0,0,0,0,0,0,0,0,3,3,0,1
10,0,0,0,0,0,0,0,0,10,61,1,1
10,8,0,0,0,0,0,0,0,10,24500,0,1
10,0,0,2,2,0,1,0,0,10,4580,0,1
10,0,2,2,2,0,1,0,0,10,25700,0,1
10,8,2,2,2,1,2,0,0,10,42500,0,1
10,8,2,2,2,0,1,0,2,10,135000,0,1
10,8,1,1,1,0,1,0,0,10,12900,0,1
10,0,1,1,1,0,1,0,0,10,57,1,1
10,8,1,1,1,0,1,0,0,10,159000,0,1
10,0,2,4,4,1,1,0,0,10,1570,0,1
10,8,2,2,2,0,1,0,0,10,28200,0,1
10,0,1,2,2,1,0,0,0,10,3900,0,1
10,0,0,0,0,0,0,0,0,10,3940,0,1
10,0,1,1,1,0,0,0,0,10,19,1,1
10,0,2,2,2,0,0,0,0,10,1210,0,1
2,0,0,0,0,0,0,0,0,2,3,0,1
10,8,0,0,0,0,0,0,0,10,105,0,1
4,8,0,0,0,0,0,0,2,4,5,0,1
10,0,2,2,2,0,0,0,0,10,18,1,1
0,0,0,0,0,0,0,0,0,0,0,0,1
0,0,0,0,0,0,0,0,0,0,0,0,1
0,0,0,0,0,0,0,0,0,0,0,0,1
10,8,1,2,2,0,0,0,0,10,10900,1,1
0,0,0,0,0,0,0,0,0,0,0,0,1
1,0,0,0,0,0,0,0,0,1,1,0,1
10,0,0,0,0,0,0,0,0,10,889000,1,1
4,0,0,0,0,0,0,0,2,4,4,0,1
10,0,0,0,0,0,0,0,0,10,36,1,1
0,0,0,0,0,0,0,0,0,0,0,0,1
0,0,0,0,0,0,0,0,0,0,0,0,1
1,0,0,0,0,0,0,0,0,1,1,0,1
0,0,0,0,0,0,0,0,0,0,0,0,1
10,0,2,2,2,0,0,0,0,10,29,1,1
10,8,0,0,0,0,0,0,0,10,32100,0,1
10,8,0,0,0,0,0,0,0,10,15,0,1
0,0,0,0,0,0,0,0,0,0,0,0,1
0,0,0,0,0,0,0,0,0,0,0,0,1
0,0,0,0,0,0,0,0,0,0,0,0,1
0,0,0,0,0,0,0,0,0,0,0,0,1
0,0,0,0,0,0,0,0,0,0,0,0,1
0,0,0,0,0,0,0,0,0,0,0,0,1
0,0,0,0,0,0,0,0,0,0,0,0,1
10,0,0,2,2,0,0,0,0,10,6070,0,1
10,0,0,0,0,0,0,0,0,10,312000,0,1
10,8,0,3,3,3,1,0,0,10,93800,0,1
10,0,0,0,0,0,0,0,0,10,9050,1,1
10,0,0,0,0,0,0,0,0,10,1730,0,1
10,0,1,1,1,0,0,0,0,10,35800,0,1
10,0,1,1,1,0,0,0,0,10,11200,0,1
10,0,2,2,2,0,0,0,0,10,14000,1,1
1,8,0,0,0,0,0,0,0,0,0,0,1
0,0,0,0,0,0,0,0,0,0,0,0,1
0,0,0,0,0,0,0,0,0,0,0,0,1
10,0,0,0,0,0,0,0,0,10,145,0,1
10,4,1,1,1,0,0,0,0,10,11900,1,1
10,0,0,0,0,0,0,0,0,10,92,0,1
10,0,2,4,4,0,0,0,0,10,4630,1,1
10,8,0,0,0,0,0,0,0,10,542000,0,1
10,0,1,2,2,1,1,0,0,10,7960,0,1
10,8,2,2,2,0,2,0,0,10,14500,0,1
10,0,0,2,2,0,1,0,0,10,200000,1,1
10,0,2,2,2,0,0,0,0,10,11900,1,1
5,8,0,0,0,0,0,0,0,5,5,0,1
10,8,2,7,7,1,2,0,0,10,145000,0,1
10,0,0,0,0,0,0,0,0,10,16100,0,1
10,0,0,0,0,0,0,0,0,10,50,0,1
10,0,2,2,2,0,1,0,0,10,8600,1,1
10,0,2,2,2,0,0,0,0,10,79,0,1
6,0,0,0,0,0,0,0,1,6,9,1,1
10,0,0,1,1,0,0,0,0,10,21800,0,1
8,8,2,5,5,1,0,0,0,8,46300,1,1
10,0,2,2,2,0,1,0,0,10,17200,0,1
9,8,0,1,1,1,1,0,0,9,5850,0,1
10,0,2,2,2,0,0,0,0,10,23,0,1
8,0,1,1,1,0,1,0,0,8,350000,0,1
10,0,0,1,1,0,0,0,0,10,3080,1,1
10,0,1,1,1,0,0,0,0,10,780,0,1
10,8,1,1,1,0,0,0,0,10,25900,0,1
10,0,0,0,0,0,0,0,0,10,34,0,1
10,8,0,2,2,0,1,0,0,10,188000,1,1
10,8,1,1,1,1,1,0,0,10,14000000,0,1
10,0,0,0,0,0,0,0,0,10,1480,0,1
10,8,2,2,2,0,0,0,0,10,180000,1,1
10,0,1,1,1,0,1,0,0,10,240000,1,1
10,0,1,1,1,0,1,0,1,10,32,0,1
10,0,0,0,0,0,0,0,0,10,83,1,1
10,8,0,0,0,0,0,0,0,10,170000,0,1
10,8,0,0,0,0,0,0,0,10,8010,0,1
8,0,2,2,2,0,1,0,0,8,48300,0,1
10,4,1,9,9,3,1,0,0,10,58400,0,1
10,8,2,2,2,0,0,0,0,10,21200,0,1
10,8,0,0,0,0,0,0,0,10,15,0,1
10,0,0,0,0,0,0,0,0,10,69,1,1
10,0,1,1,1,0,1,0,0,10,34200,0,1
10,4,0,3,3,0,1,0,0,10,31400,1,1
10,7,1,1,1,0,1,0,0,10,149000,0,1
10,8,2,2,2,1,0,0,0,10,23,0,1
10,0,0,0,0,0,0,0,0,10,163000,0,1
10,0,1,3,3,0,1,0,0,10,19500,1,1
10,8,2,2,2,1,1,0,0,10,362000,0,1
10,0,0,1,1,0,1,0,0,10,46,0,1
10,8,0,0,0,0,0,0,0,10,16300,0,1
10,0,0,0,0,0,0,0,0,10,3170000,1,1
10,8,0,0,0,0,0,0,0,10,10700,0,1
10,0,0,1,1,0,0,0,0,10,3350,0,1
10,8,0,1,1,0,1,0,0,10,475000,0,1
9,8,1,1,1,0,1,0,0,9,14000,0,1
10,4,0,0,0,0,0,0,0,10,22,0,1
10,0,2,5,5,2,1,0,0,10,115000,0,1
10,0,2,2,2,0,0,0,0,10,122,1,1
10,8,0,0,0,0,0,0,0,10,79900,0,1
10,4,1,1,1,0,1,0,0,10,64300,0,1
10,8,0,2,2,0,0,0,0,10,48,0,1
10,8,1,1,1,0,0,0,0,10,54,0,1
10,8,0,0,0,0,0,0,0,10,46,1,1
10,0,1,2,2,0,0,0,0,10,16,0,1
10,7,1,1,1,0,0,0,0,10,3580000,1,1
10,8,0,0,0,0,0,0,0,10,33900,0,1
10,8,0,1,1,1,1,0,0,10,30100000,0,1
10,8,1,1,1,0,1,0,0,10,82,1,1
10,0,0,0,0,0,0,0,0,10,4940,1,1
10,4,0,0,0,0,0,0,0,10,532000,1,1
10,8,0,0,0,0,0,0,0,10,69,0,1
10,2,1,4,4,0,1,0,0,10,63300,0,1
10,0,2,2,2,1,1,0,0,10,5020,1,1
10,0,0,2,2,0,0,0,0,10,281,1,1
10,8,2,2,2,0,1,0,0,10,184000,1,1
10,0,1,1,1,0,0,0,0,10,12000,0,1
10,0,1,2,2,0,1,0,0,10,49,0,1
10,8,2,2,2,0,0,0,0,10,47200,1,1
10,0,2,2,2,0,0,0,0,10,6120,0,1
10,8,0,0,0,0,0,0,0,10,27700,1,1
10,8,0,1,1,0,0,0,0,10,134000,0,1
10,0,2,2,2,0,0,0,0,10,10400,0,1
10,0,0,0,0,0,0,0,0,10,566000,1,1
10,0,1,1,1,0,1,0,0,10,80,1,1
10,8,0,0,0,0,0,0,0,10,5550,1,1
10,0,0,0,0,0,0,0,0,10,14000,0,1
10,0,1,1,1,0,0,0,0,10,49300,1,1
10,0,0,2,2,0,1,0,0,10,88,0,1
10,0,0,1,1,0,0,0,0,10,8030,0,1
10,8,0,0,0,0,0,0,0,10,15200,0,1
10,0,0,0,0,0,0,0,0,10,55900,1,1
10,8,2,2,2,1,1,0,0,10,438000,0,1
10,7,1,1,1,0,0,0,0,10,24600,0,1
10,0,1,1,1,0,0,0,0,10,55,1,1
10,0,0,0,0,0,0,0,0,10,513000,0,1
10,0,2,2,2,0,0,0,0,10,21,0,1
10,0,0,0,0,0,0,0,0,10,5730,1,1
10,8,2,2,2,0,0,0,0,10,25500,1,1
10,0,0,0,0,0,0,0,0,10,3690,1,1
10,0,0,0,0,0,0,0,0,10,6530,1,1
10,8,0,0,0,0,0,0,0,10,150000,0,1
10,0,0,0,0,0,0,0,0,10,5080,0,1
10,0,1,1,1,0,0,0,0,10,8640,0,1
10,8,0,0,0,0,0,0,0,10,36800,0,1
10,0,1,2,2,0,0,0,0,10,51,0,1
10,0,1,1,1,0,1,0,0,10,276000,1,1
10,0,2,2,2,1,0,0,0,10,75,0,1
8,8,0,0,0,0,0,0,0,8,102000,1,1
10,0,0,0,0,0,0,0,0,10,54,0,1
10,2,2,2,2,0,0,0,0,10,83,0,1
8,8,0,0,0,0,0,0,0,8,298000000,1,1
5,8,0,0,0,0,0,0,1,5,5,0,1
0,0,0,0,0,0,0,0,0,0,0,0,1
10,0,0,0,0,0,0,0,0,10,17,1,1
0,0,0,0,0,0,0,0,0,0,0,0,1
2,0,0,0,0,0,0,0,0,2,2,0,1
2,0,0,0,0,0,0,0,0,2,2,0,1
2,0,0,0,0,0,0,0,0,2,2,0,1
1,0,0,0,0,0,0,0,0,1,1,0,1
10,8,0,0,0,0,0,0,0,10,121000000,0,1
0,0,0,0,0,0,0,0,0,0,0,0,1
2,0,0,0,0,0,0,0,0,2,2,0,1
10,0,1,4,4,1,0,0,0,10,18000,0,1
0,0,0,0,0,0,0,0,0,0,0,0,1
10,0,0,0,0,0,0,0,0,10,89,0,1
6,0,2,2,2,0,0,0,1,6,6,0,1
0,0,0,0,0,0,0,0,0,0,0,0,1
0,0,0,0,0,0,0,0,0,0,0,0,1
10,8,0,2,2,0,1,0,0,10,9950,1,1
0,0,0,0,0,0,0,0,0,0,0,0,1
2,0,0,0,0,0,0,0,0,2,2,0,1
10,0,1,1,1,0,0,0,0,10,14800,0,1
0,0,0,0,0,0,0,0,0,0,0,0,1
0,0,0,0,0,0,0,0,0,0,0,0,1
10,8,0,0,0,0,0,0,0,10,11,0,1
7,8,1,1,1,0,0,0,1,7,7,0,1
